call_failure,complains,subscription_length,charge_amount,seconds_of_use,frequency_of_use,frequency_of_sms,distinct_called_numbers,age_group,tariff_plan,status,customer_value,churn,is_dormant,churn_probability,predicted_churn,risk_score
6,1,30,1,1495,44,204,16,2,2,1,987.255,1,0,0.9998690773316619,1,987.1257459410698
6,1,27,1,1505,37,202,14,2,2,1,978.39,1,0,0.9999203861849902,1,978.3121066395325
4,1,27,1,1315,36,193,11,2,2,1,929.295,1,0,0.9998108458375919,1,929.119219982645
0,1,25,0,1010,30,186,9,2,2,1,883.8,1,0,0.9996488405291734,1,883.4896452596834
6,1,32,2,1315,42,201,12,3,2,1,858.28,1,0,0.9998646064334782,1,858.1637944097256
8,1,35,1,5628,98,51,26,2,1,1,487.17,1,0,0.9999879710351479,1,487.164139849193
15,0,36,1,6008,99,35,27,2,1,1,432.315,1,0,0.9999707982251289,1,432.3023756346966
14,0,40,2,5898,100,36,28,2,1,1,431.91,1,0,0.999860579132453,1,431.8497827330978
10,0,37,0,5693,100,30,27,2,1,1,395.685,1,0,0.9999682289884335,1,395.67242868728835
16,0,33,1,6123,98,25,25,2,1,1,392.445,1,0,0.9999259440841343,1,392.4159371260981
10,0,34,0,5703,93,28,25,2,1,1,386.82,1,0,0.9999855686228478,1,386.81441765469
9,0,38,1,5593,94,29,26,2,1,1,386.415,1,0,0.9999677491890796,1,386.4025378028982
13,1,36,1,5818,98,26,24,2,1,1,383.22,1,0,0.9999967017818251,1,383.21873605683106
13,0,36,1,5818,98,26,24,2,1,1,383.22,1,0,0.9999856789565378,1,383.21451188972446
10,0,39,1,5513,98,27,23,2,1,1,373.995,1,0,0.9999496568503459,1,373.97617191374513
16,0,35,2,5943,96,22,21,2,1,1,370.755,1,0,0.9999426882999857,1,370.73375140066116
11,1,36,1,5573,95,24,24,2,1,1,363.06,1,0,0.99999866506136,1,363.0595153371774
10,0,34,0,5758,95,21,22,2,1,1,357.885,1,0,0.9999790482439046,1,357.8775016807698
13,0,32,1,5863,94,18,20,2,1,1,349.065,1,0,0.9999815220588044,1,349.05854999745657
11,0,31,0,5818,92,18,23,2,1,1,346.95,1,0,0.9999499165442519,1,346.9326235450282
8,1,34,0,5513,92,19,22,2,1,1,337.725,1,0,0.9999987324142373,1,337.7245719045983
8,0,34,0,5513,92,19,22,2,1,1,337.725,1,0,0.999994072783627,1,337.7229982308504
13,1,36,0,2868,54,55,46,3,1,2,336.88,1,0,0.9999907541092957,1,336.8768852443395
12,1,32,0,5738,96,16,20,2,1,1,334.53,1,0,0.9999919865201701,1,334.5273192505925
11,0,36,1,5628,97,17,21,2,1,1,334.125,1,0,0.9999919021098299,1,334.1222942924469
14,0,38,0,3410,53,48,22,3,1,2,330.52,1,0,0.9999048892544582,1,330.4885639963835
7,1,35,0,2265,54,59,35,3,1,2,328.76,1,0,0.9999540475890546,1,328.7448926853776
11,1,33,1,5638,90,15,19,2,1,1,325.26,1,0,0.9999941752464607,1,325.2581054406638
4,0,35,0,2078,44,59,33,3,1,2,320.88,1,0,0.9999148318812481,1,320.8526712540549
5,1,32,0,5453,89,14,20,2,1,1,312.39,1,0,0.9999777412166689,1,312.3830465786752
14,0,38,0,5523,94,12,11,2,1,1,306.765,1,0,0.9998524150896382,1,306.71972611497284
18,0,37,1,6008,98,7,22,2,1,1,306.27,1,0,0.9999343468373227,1,306.24989240586683
18,1,37,0,3895,57,37,33,3,1,2,306.08,1,0,0.999997652529019,1,306.0792814860821
8,1,30,0,5558,88,11,18,2,1,1,303.57,1,0,0.9999967065391044,1,303.5690002040759
6,0,29,0,5513,86,11,21,2,1,1,301.455,1,0,0.9999770999200522,1,301.44809665639934
8,1,34,0,2563,48,48,44,3,1,2,296.44,1,0,0.9999961310643022,1,296.4388530927017
9,1,36,0,3105,47,41,20,3,1,2,290.08,1,0,0.9999857224602292,1,290.0758583712633
15,1,37,0,2978,55,42,31,3,1,2,289.32,1,0,0.9999935374640501,1,289.31813025909895
7,0,30,0,5433,90,9,18,2,1,1,289.035,1,0,0.9999769331851277,1,289.0283328831634
6,0,34,0,5323,91,10,19,2,1,1,288.63,1,0,0.9999888066559607,1,288.62676926510994
2,1,33,0,1960,48,52,33,3,1,2,288.32,1,0,0.9999812896596877,1,288.31460543468114
12,0,37,1,5413,93,8,26,2,1,1,283.77,1,0,0.9999387944356831,1,283.7526316970138
11,1,39,0,2448,52,45,36,3,1,2,280.0,1,0,0.999988181658246,1,279.9966908643089
6,1,31,0,5333,84,8,17,2,1,1,279.765,1,0,0.9999927708037671,1,279.7629775239159
28,1,36,0,1375,59,55,23,3,1,2,277.36,1,0,0.9999986852770263,1,277.35963534843603
11,1,36,0,2458,45,43,34,3,1,2,272.12,1,0,0.9999997870102489,1,272.11994204122897
10,1,40,0,2348,46,44,35,3,1,2,271.76,1,0,0.9999983772381186,1,271.7595589982311
19,1,43,0,3555,57,31,24,3,1,2,268.48,1,0,0.9999552401174158,1,268.4679828667238
13,1,35,0,3590,51,30,31,3,1,2,265.64,1,0,0.9999794381853258,1,265.6345379595499
9,1,36,0,5218,88,5,9,2,1,1,261.27,1,0,0.9998600528814339,1,261.23343601633223
13,1,35,0,5703,92,0,20,2,1,1,260.775,1,0,0.9999562302061625,1,260.763585932012
9,0,40,0,2223,48,42,35,3,1,2,258.84,1,0,0.9999706658980896,1,258.8324071610615
20,1,38,0,4005,58,24,18,3,1,2,258.52,1,0,0.9999776048590551,1,258.5142104081629
3,0,28,0,5253,82,4,16,2,1,1,258.075,1,0,0.9999469363548518,1,258.06130559977834
8,0,33,0,3285,45,23,29,2,1,2,253.35,1,0,0.9999571319167694,1,253.3391393711135
32,1,35,0,1860,63,44,34,3,1,2,252.92,1,0,0.9999941357037135,1,252.9185168021832
14,1,39,0,2688,56,73,37,4,1,2,251.1,1,0,0.9999946479907951,1,251.09865611048863
12,1,38,1,2328,47,39,33,3,1,1,251.0,1,0,0.9999905020379173,1,250.99761601151724
4,1,34,0,2800,41,34,18,3,1,2,249.64,1,0,0.9999118892530384,1,249.6180040331285
16,1,40,0,3475,55,27,23,3,1,2,249.2,1,0,0.9999548016196785,1,249.18873656362388
10,1,35,0,2673,49,35,29,3,1,2,248.88,1,0,0.9999895342709888,1,248.87739528936368
8,0,33,0,5398,86,0,18,2,1,1,246.78,1,0,0.9999497516101523,1,246.76759970235338
11,1,36,0,2513,47,36,31,3,1,2,246.4,1,0,0.9999993419657351,1,246.39983786035714
16,1,37,0,3485,48,25,21,3,1,2,241.32,1,0,0.9999993040737765,1,241.31983205908372
15,1,41,0,3375,49,26,22,3,1,2,240.96,1,0,0.9999939025790506,1,240.95853076544805
6,1,37,0,2143,46,38,34,3,1,2,239.56,1,0,0.9999971318427137,1,239.5593129042405
7,0,35,0,5108,87,1,24,2,1,1,238.275,1,0,0.9999042829154186,1,238.25219301167135
23,1,34,0,1070,53,48,21,3,1,2,236.92,1,0,0.9999984054109213,1,236.91962220995546
12,0,33,0,2573,44,33,32,3,1,2,236.68,1,0,0.9999928024412823,1,236.6782964818027
18,0,38,0,3173,60,62,48,4,1,2,235.825,1,0,0.9999565073959943,1,235.81474335666033
8,1,12,3,1908,31,39,13,3,1,1,233.56,1,0,0.9999924681953508,1,233.55824087170615
6,1,34,0,2153,39,36,32,3,1,2,231.68,1,0,0.9999966279905022,1,231.67921877283953
5,0,38,0,2043,40,37,33,3,1,2,231.32,1,0,0.999928226137566,1,231.30339727014177
12,1,37,0,2570,60,66,37,4,1,2,230.75,1,0,0.9999564683198989,1,230.73995506481668
16,1,42,0,3295,53,24,19,3,1,2,229.92,1,0,0.9999922996936027,1,229.91822954555312
9,1,36,0,2268,44,34,31,3,1,2,228.48,1,0,0.9999992280677995,1,228.47982362893083
9,0,36,0,2268,44,34,31,3,1,2,228.48,1,0,0.9999747080571544,1,228.47422129689863
14,1,41,0,3250,51,24,22,3,1,2,228.04,1,0,0.9999931910886817,1,228.03844729586297
9,0,37,0,2383,50,66,35,4,1,2,225.825,1,0,0.9999889379953099,1,225.82250192279085
13,1,34,0,2493,48,31,29,3,1,2,225.64,1,0,0.9999855808477865,1,225.63674646249456
4,0,34,0,4913,82,0,7,2,1,1,224.775,1,0,0.9994922368835072,1,224.66086754549033
6,0,39,0,1963,44,35,30,3,1,2,220.28,1,0,0.9999453260584811,1,220.2679564241622
17,1,39,2,3355,50,21,20,3,1,1,220.2,1,0,0.9999636422428757,1,220.19199402188121
2,1,33,0,4803,81,0,22,2,1,1,219.78,1,0,0.9998115756377761,1,219.73858809367044
15,1,36,0,3700,52,17,16,3,1,2,218.08,1,0,0.999994818202695,1,218.07886995364373
33,1,41,0,1520,63,38,25,3,1,2,215.32,1,0,0.9999287889041559,1,215.30466682684286
27,1,33,0,1555,57,37,32,3,1,2,212.48,1,0,0.9999997564469505,1,212.47994824984804
19,1,44,0,2833,60,56,39,4,1,2,212.325,1,0,0.9999806109771403,1,212.3208832257213
7,1,36,0,2023,41,32,31,3,1,1,210.56,1,0,0.9999997292281904,1,210.55994298628775
12,1,11,4,2393,35,28,24,3,1,1,209.12,1,0,0.9999301923902901,1,209.10540183265746
11,1,38,0,3170,49,20,21,3,1,2,208.76,1,0,0.9999763295441523,1,208.75505855563722
20,1,39,0,3283,61,49,33,4,1,2,206.1,1,0,0.9999630285018012,1,206.0923801742212
6,1,34,0,2208,41,29,29,3,1,2,205.96,1,0,0.9999958370239838,1,205.95914259345972
34,1,36,0,1970,64,31,19,3,2,2,205.36,1,0,0.9999650765619564,1,205.35282812276338
11,1,35,0,3180,42,18,19,3,1,2,200.88,1,0,0.999999380563706,1,200.87987556763724
10,0,39,0,3070,43,19,20,3,1,2,200.52,1,0,0.9999748020287568,1,200.51494730280632
16,1,41,0,2753,58,52,38,4,1,2,200.275,1,0,0.9999916977551307,1,200.27333726790883
9,1,32,0,2313,40,26,27,3,1,2,198.12,1,0,0.999993669697614,1,198.1187458404913
14,1,37,0,3295,47,16,18,3,1,2,197.68,1,0,0.9999998807246078,1,197.67997642164048
18,0,32,0,765,47,41,19,3,1,2,196.48,1,0,0.9999026996270769,1,196.46088242272805
7,1,31,0,2268,38,26,30,3,1,2,196.24,1,0,0.9999968562805841,1,196.23938307650184
30,0,38,0,1440,61,34,24,3,1,2,196.04,1,0,0.9999687771429011,1,196.03387907109433
16,1,38,0,2763,51,50,36,4,1,2,195.35,1,0,0.9999997878589378,1,195.34995855824351
15,1,42,0,2653,52,51,37,4,1,2,195.125,1,0,0.9999985131697118,1,195.12470988224
22,0,31,0,1250,51,30,30,2,1,2,193.545,1,0,0.9999718100194439,1,193.53954397021326
3,0,10,2,1603,25,32,11,3,1,1,193.12,1,0,0.9998445632634344,1,193.08998205743447
11,0,40,0,2990,47,17,17,3,1,2,189.48,1,0,0.9999418689781766,1,189.4689853339849
6,1,36,0,2865,43,13,19,2,1,2,189.36,1,0,0.9999979855234991,1,189.3596185387298
16,1,43,0,2573,56,49,34,4,1,2,188.225,1,0,0.9999833332608336,1,188.2218629030204
30,1,35,0,1450,54,32,22,3,1,2,188.16,1,0,0.9999970629357903,1,188.1594473619983
4,1,34,0,1963,38,27,29,3,1,2,188.04,1,0,0.9999988250782461,1,188.0397790677134
4,0,34,0,1963,38,27,29,3,1,2,188.04,1,0,0.9999213673890174,1,188.02521392383082
29,1,39,0,1340,55,33,23,3,1,2,187.8,1,0,0.9999983671632678,1,187.79969335326172
9,1,39,0,2945,45,17,20,3,1,2,187.6,1,0,0.9999982770096731,1,187.59967676701467
14,1,42,0,2528,54,49,37,4,1,2,187.05,1,0,0.9999790544664582,1,187.046082137951
8,0,32,0,2188,42,24,27,3,1,2,185.2,1,0,0.999962036596331,1,185.1929691776405
7,0,36,0,2078,43,25,28,3,1,2,184.84,1,0,0.9999572808041335,1,184.83210378383603
17,0,40,2,2633,53,46,35,4,1,1,182.15,1,0,0.9999497624057844,1,182.14084922221363
6,0,33,0,2875,36,11,17,2,1,2,180.495,1,0,0.999967790960841,1,180.489186429477
5,1,37,0,2765,37,12,18,2,1,2,180.09,1,0,0.9999846281705889,1,180.08723168724134
12,0,37,1,3050,44,14,18,3,1,1,179.76,1,0,0.9998924578933639,1,179.7406682309111
5,0,39,0,553,14,39,8,3,1,2,178.68,1,0,0.9997225046973087,1,178.63041713931514
10,0,34,0,3395,46,10,14,3,1,2,177.64,1,0,0.9998970885330418,1,177.62171880700953
7,1,33,0,2088,36,23,26,3,1,2,176.96,1,0,0.9999883536322223,1,176.95793905875806
30,1,40,0,1260,59,31,20,3,1,2,176.76,1,0,0.9999876397861996,1,176.75781520860863
11,0,35,0,3235,44,11,16,3,1,2,175.16,1,0,0.9999647877226905,1,175.15383221750645
25,1,36,0,1135,55,27,22,2,1,2,175.05,1,0,0.9999993894862332,1,175.04989312956513
28,1,39,0,1215,57,31,23,3,1,2,174.88,1,0,0.9999991223239828,1,174.8798465120181
5,0,40,0,420,12,39,6,3,1,2,173.28,1,0,0.9999465564508552,1,173.27073930180418
13,0,17,3,2053,35,22,15,3,1,1,171.52,1,0,0.9998301636673524,1,171.4908696722243
22,1,30,0,1715,42,25,9,3,1,2,170.28,1,0,0.999988137938953,1,170.27798012824493
7,1,9,3,2088,29,21,22,3,1,1,168.68,1,0,0.9999879309498485,1,168.67796419262046
14,1,38,0,2573,50,41,33,4,1,2,168.075,1,0,0.9999988201915195,1,168.07480170368964
14,0,38,0,2573,50,41,33,4,1,2,168.075,1,0,0.999996934113306,1,168.0744847010939
9,1,39,0,905,16,28,17,2,1,2,167.445,1,0,0.9999395577095014,1,167.43487924066744
31,1,37,2,1320,56,28,21,3,1,1,167.04,1,0,0.9999801695346577,1,167.03668751906923
25,1,33,0,1145,48,25,20,2,1,2,166.185,1,0,0.9999984294489747,1,166.18473899797786
1,0,32,0,1903,35,22,27,3,1,2,165.52,1,0,0.9998984379736052,1,165.50318945339114
12,1,32,0,3295,41,8,17,3,1,2,165.44,1,0,0.9999995656019529,1,165.4399281331871
29,1,34,0,1665,58,24,17,3,1,2,164.92,1,0,0.9999925581996034,1,164.9187726982786
11,1,41,0,2268,50,42,32,4,1,2,162.95,1,0,0.9999828933278103,1,162.9472124677667
14,1,12,3,2502,36,15,9,3,1,1,161.52,1,0,0.999881897854204,1,161.50092414141105
10,0,38,0,1973,40,20,18,3,1,2,160.52,1,0,0.9999030998032157,1,160.50444558041218
13,1,33,0,3215,45,7,14,3,1,2,158.4,1,0,0.9999995281782165,1,158.39992526342948
4,1,30,0,2008,34,19,25,3,1,2,157.68,1,0,0.9999947702564405,1,157.67917537403554
9,1,35,0,2990,41,9,16,3,1,2,157.24,1,0,0.9999996805050516,1,157.23994976261432
9,0,35,0,2990,41,9,16,3,1,2,157.24,1,0,0.9999674438034499,1,157.23488086365447
14,0,36,0,3180,41,7,14,3,1,2,156.84,1,0,0.999917309912816,1,156.82703088672608
2,0,29,0,1963,32,19,28,3,1,2,155.8,1,0,0.999962708347851,1,155.7941899605952
9,0,38,0,1038,18,28,19,3,1,2,154.24,1,0,0.9998572895534191,1,154.2179883407194
12,1,34,0,3115,39,7,13,3,1,2,154.16,1,0,0.9999988943639452,1,154.1598295551458
12,0,37,0,3105,46,7,15,3,1,2,154.04,1,0,0.9999522122346449,1,154.0326387726247
0,1,8,1,1298,19,25,9,3,1,1,152.68,1,0,0.9999899422356365,1,152.67846438053698
10,0,14,2,1973,33,18,14,3,1,1,152.24,1,0,0.9999215153452556,1,152.22805149616173
6,0,33,0,2930,38,4,14,2,1,2,151.56,1,0,0.9999853647668074,1,151.55778188405733
23,1,37,0,910,51,24,21,2,1,2,151.245,1,0,0.9999991288499388,1,151.244868242909
9,0,31,0,3035,37,7,12,3,1,2,150.88,1,0,0.999858587518885,1,150.85866368484938
0,0,38,0,115,6,32,4,2,1,2,149.445,1,0,0.9995844960381887,1,149.3829050104271
6,1,38,0,2685,41,10,15,3,1,2,149.04,1,0,0.9999276548650377,1,149.0292176810852
24,1,37,0,1035,49,26,21,3,1,2,147.36,1,0,0.9999993643571906,1,147.35990633167563
5,0,39,0,1048,19,48,10,4,1,2,146.675,1,0,0.9999449373133578,1,146.66692368043675
3,0,30,0,1883,36,17,25,3,1,2,144.76,1,0,0.9999490704331494,1,144.7526274359027
28,1,35,0,1260,53,23,19,3,1,2,144.52,1,0,0.9999983908271488,1,144.51976744233954
28,0,35,0,1260,53,23,19,3,1,2,144.52,1,0,0.9999728949599246,1,144.51608277960833
2,0,34,0,1773,37,18,26,3,1,2,144.4,1,0,0.9998684524601905,1,144.38100453525152
10,1,11,2,1982,26,16,12,3,1,1,144.32,1,0,0.9999996248219079,1,144.31994585429774
9,1,15,3,1873,27,17,13,3,1,1,144.0,1,0,0.9999959761240619,1,143.99942056186492
12,0,38,0,2383,49,32,30,4,1,2,140.8,1,0,0.9999798792087791,1,140.7971669925961
7,1,30,0,2990,35,1,15,2,1,2,140.625,1,0,0.9999999372933969,1,140.62499118188393
8,0,37,0,1863,39,16,33,3,1,2,140.08,1,0,0.9999381748882771,1,140.07133953834986
24,0,32,0,1360,52,17,15,2,1,2,140.04,1,0,0.999961241552127,1,140.03457226695986
7,0,35,0,2745,38,7,16,3,1,1,139.32,1,0,0.9998999716934878,1,139.3060640563367
0,0,37,0,248,8,32,6,3,1,2,138.24,1,0,0.9998993358620368,1,138.22608418956798
10,0,37,0,2695,37,7,3,3,1,2,137.28,1,0,0.9998815856561947,1,137.2637440788824
2,0,31,0,1783,30,16,24,3,1,2,136.52,1,0,0.9997482707291465,1,136.4856339199431
25,1,38,0,955,53,24,18,3,1,2,136.32,1,0,0.9999991930573796,1,136.31988999758198
14,0,37,0,2458,44,9,29,3,1,2,136.08,1,0,0.9999705259620891,1,136.0759891729211
12,0,35,0,2393,42,30,28,4,1,2,135.875,1,0,0.9999743402583782,1,135.87151348260713
10,0,16,3,1792,31,15,10,3,1,1,132.92,1,0,0.9998283080053779,1,132.89717870007482
4,1,33,0,2685,35,2,14,2,1,2,131.4,1,0,0.9999989129094273,1,131.39985715629876
4,0,33,0,2685,35,2,14,2,1,2,131.4,1,0,0.9999507980799227,1,131.39353486770185
9,0,38,0,1533,23,37,21,4,1,2,131.4,1,0,0.999913551557491,1,131.3886406746543
8,1,15,2,1748,29,15,13,3,1,1,131.08,1,0,0.9999894970889626,1,131.07862327842122
9,1,34,0,2875,35,0,12,2,1,2,130.95,1,0,0.9999997933923352,1,130.94997294472628
20,1,34,0,830,49,20,20,2,1,2,129.555,1,0,0.9999751052805512,1,129.55177476462183
2,1,7,2,1783,23,14,20,3,1,1,128.24,1,0,0.9999715041658009,1,128.2363456942223
26,1,35,1,1015,50,21,19,3,1,1,126.6,1,0,0.999989179354678,1,126.59863010630224
26,1,30,0,1260,47,15,18,2,1,2,126.315,1,0,0.9999988666132102,1,126.31485683624766
4,0,29,0,2730,31,0,10,2,1,2,124.245,1,0,0.9998972122079314,1,124.23222913077444
11,1,13,3,1853,28,12,11,3,1,1,123.24,1,0,0.9999992157395092,1,123.23990334773711
2,0,28,0,2685,29,0,13,2,1,2,122.13,1,0,0.9998731463551688,1,122.11450736435675
25,1,33,0,1200,50,18,17,3,1,2,122.0,1,0,0.9999980747222347,1,121.99976511611263
4,0,37,0,600,10,21,15,2,1,2,121.95,1,0,0.99967568787239,1,121.91045013603797
0,0,37,0,743,13,41,8,4,1,2,121.4,1,0,0.9997332826189473,1,121.36762050994021
9,0,10,2,2197,30,8,7,3,1,1,121.08,1,0,0.9999048600552496,1,121.06848045548962
20,0,31,0,840,42,18,18,2,1,2,120.69,1,0,0.9999696586237977,1,120.68633809930614
19,0,35,0,730,43,19,19,2,1,2,120.285,1,0,0.9999846481906971,1,120.283153407618
5,0,36,0,1668,34,13,16,3,1,2,120.08,1,0,0.9997980627844023,1,120.05575137915103
1,1,31,0,2625,32,0,12,2,1,2,119.565,1,0,0.9999958998992707,1,119.5645097714563
3,1,29,0,2605,33,0,10,2,1,2,118.71,1,0,0.9999946466792062,1,118.70936450728857
8,1,31,0,2910,39,0,12,3,1,2,117.96,1,0,0.9999928912613306,1,117.95916145318655
0,1,28,0,1703,28,12,23,3,1,2,117.24,1,0,0.9999739990784685,1,117.23695165195964
23,1,33,0,955,47,16,17,2,1,2,117.09,1,0,0.999999801089172,1,117.08997670953114
23,0,33,0,955,47,16,17,2,1,2,117.09,1,0,0.999992691300625,1,117.08914422439018
4,1,32,0,2570,29,0,10,2,1,2,116.955,1,0,0.999995827962182,1,116.954512059317
10,0,44,0,698,18,22,10,3,1,2,116.64,1,0,0.9998275155311701,1,116.61988141155568
2,1,30,0,2505,27,0,9,2,1,2,113.94,1,0,0.9999978143189844,1,113.93975096350508
2,1,33,0,2495,34,0,11,2,1,2,113.805,1,0,0.999938533842351,1,113.79800484392877
4,0,36,0,733,12,21,17,3,1,2,113.8,1,0,0.9999565972803096,1,113.79506077049923
7,0,32,0,2810,33,0,11,3,1,2,113.72,1,0,0.9996972656631863,1,113.68557305121755
7,1,35,0,2800,40,0,13,3,1,2,113.6,1,0,0.9999730231073113,1,113.59693542499056
0,0,36,0,0,0,25,0,2,1,2,112.5,1,0,0.9986959685571435,1,112.35329646267864
5,0,12,1,1668,27,11,12,3,1,1,111.8,1,0,0.999964949653215,1,111.79608137122943
10,0,45,0,565,16,22,8,3,1,2,111.24,1,0,0.9999745709600749,1,111.23717127359873
0,1,27,0,2425,25,0,8,2,1,2,110.25,1,0,0.9999732577417413,1,110.24705166602698
10,1,44,0,1193,23,31,12,4,1,2,107.9,1,0,0.9999866484208205,1,107.89855936460654
11,0,39,0,1148,19,15,4,3,1,2,106.68,1,0,0.9998616499786743,1,106.66524081972499
4,0,36,0,1228,17,30,19,4,1,2,106.125,1,0,0.9999191518817943,1,106.11641999345541
8,1,36,0,2585,36,0,18,3,1,2,104.84,1,0,0.9999626917220389,1,104.83608860013857
3,1,34,0,2280,30,0,16,2,1,2,103.95,1,0,0.9999807830930114,1,103.94800240251854
5,0,9,1,1677,20,9,10,3,1,1,103.88,1,0,0.999995022769805,1,103.87948296532734
4,0,13,2,1568,21,10,11,3,1,1,103.56,1,0,0.9998907397453793,1,103.54868500803148
7,0,42,0,485,14,18,7,2,1,2,103.455,1,0,0.9998893019311963,1,103.44354773129191
11,0,39,0,1643,24,24,6,4,1,2,101.675,1,0,0.9998512274786046,1,101.65987355388711
11,0,40,0,1015,17,15,2,3,1,2,101.28,1,0,0.9999142800708067,1,101.27131828557131
27,1,31,0,1180,51,13,15,3,1,2,101.24,1,0,0.9999748612910754,1,101.23745495710847
26,1,35,0,1070,52,14,16,3,1,2,100.88,1,0,0.9999917819044358,1,100.87917095851948
8,1,11,2,1793,25,7,9,3,1,1,100.72,1,0,0.9999996268265936,1,100.7199624139745
8,1,11,2,1792,25,7,9,3,1,1,100.68,1,0,0.9999996268265936,1,100.67996242890145
0,0,35,0,0,0,25,0,3,1,2,100.0,1,0,0.9998854630296045,1,99.98854630296044
3,0,35,0,1558,33,9,31,3,1,2,99.64,1,0,0.9998744991672339,1,99.62749509702319
5,1,9,1,1733,22,7,7,3,1,1,98.2,1,0,0.9999994863812447,1,98.19994956263824
7,1,7,1,1713,23,7,5,3,1,1,97.44,1,0,0.9999999006473906,1,97.43999031908174
7,1,41,0,618,16,18,9,3,1,2,97.36,1,0,0.9998734516311416,1,97.34767925080794
21,1,33,0,710,44,14,17,2,1,1,96.93,1,0,0.9999996620434296,1,96.92996724186963
5,0,35,0,2390,31,0,1,3,1,2,96.84,1,0,0.9998949593310985,1,96.82982786162358
0,0,35,0,438,7,34,6,4,1,2,96.125,1,0,0.9996888104409443,1,96.09508690363577
20,0,36,0,650,47,17,16,3,1,2,95.88,1,0,0.9999997168654688,1,95.87997285306115
8,0,10,1,1678,19,7,5,3,1,1,95.88,1,0,0.9999529826192319,1,95.87549197353195
7,0,41,0,1113,21,27,11,4,1,2,95.85,1,0,0.9999172105034798,1,95.84206462675853
9,0,35,0,2153,38,2,27,3,1,2,95.64,1,0,0.9999106686214195,1,95.63145634695256
0,0,33,0,2085,25,0,9,2,1,2,94.95,1,0,0.9994305636349771,1,94.89593201714108
7,0,39,0,495,7,16,5,2,1,2,94.59,1,0,0.9999411330850403,1,94.58443177851396
6,0,43,0,385,8,17,6,2,1,2,94.185,1,0,0.9999807554502657,1,94.18318745208327
6,1,8,2,1613,17,7,4,3,1,1,93.2,1,0,0.9999999416121991,1,93.19999455825696
26,1,32,0,1080,45,12,14,3,1,2,93.0,1,0,0.9999987211176002,1,92.99988106393683
5,1,14,2,1487,25,8,8,3,1,1,92.48,1,0,0.9999959916610789,1,92.47962930881658
20,0,31,0,895,44,11,15,2,1,2,91.755,1,0,0.9998332891304502,1,91.73970344416446
7,0,38,0,1123,14,25,9,4,1,2,90.925,1,0,0.9999654904222148,1,90.92186221663988
6,1,42,0,1013,15,26,10,4,1,2,90.7,1,0,0.9999988966000872,1,90.69989992162792
3,0,13,1,1443,23,8,11,3,1,1,90.64,1,0,0.9998046625155829,1,90.62229461041242
5,1,5,0,1533,15,7,3,3,1,1,89.92,1,0,0.9999982095849954,1,89.91983900588279
0,0,32,0,1975,24,0,14,2,1,2,89.955,1,0,0.9995772354999773,1,89.91697021940045
7,0,38,0,628,9,16,7,3,1,2,89.48,1,0,0.9998892040594931,1,89.47008597924345
6,0,42,0,518,10,17,8,3,1,2,89.12,1,0,0.9999900169009178,1,89.1191103062098
28,1,34,0,1145,47,7,15,2,1,2,85.14,1,0,0.999999418907174,1,85.1399505257568
1,1,43,0,398,7,17,8,3,1,2,84.2,1,0,0.9998361486976041,1,84.18620372033827
7,0,43,0,933,19,24,7,4,1,2,83.8,1,0,0.9999379333478929,1,83.79479881455343
23,0,29,0,1000,43,8,13,2,1,2,82.935,1,0,0.9999507033465612,1,82.93091158204706
6,1,11,2,1548,22,5,9,3,1,1,82.8,1,0,0.9999997859651105,1,82.79998227791116
5,0,42,0,888,17,24,10,4,1,2,82.625,1,0,0.9999096944174602,1,82.61753850124265
21,1,28,0,955,41,8,16,2,1,2,80.82,1,0,0.9999789839108116,1,80.81830147967179
0,0,34,0,923,11,23,17,4,1,2,80.85,1,0,0.9996042302795772,1,80.81800201810381
4,0,8,1,1892,24,1,5,3,1,1,80.64,1,0,0.9999518208093667,1,80.63611483006733
0,1,10,0,1363,21,4,10,2,1,1,80.28,1,0,0.9999765194195743,1,80.27811497900343
5,0,43,0,260,10,15,6,2,1,2,79.65,1,0,0.9999371386587756,1,79.64499309417148
0,1,34,0,1363,28,6,14,3,1,2,79.64,1,0,0.9996335509589638,1,79.61081599837188
7,0,43,0,438,14,15,5,3,1,2,78.08,1,0,0.9999807171572024,1,78.07849439563437
8,1,40,2,993,16,21,8,4,1,1,77.725,1,0,0.9999728882405395,1,77.72289273849593
0,1,35,0,295,4,14,13,2,1,2,76.455,1,0,0.9999696066020324,1,76.45267627275838
6,1,37,0,1338,18,17,4,4,1,2,76.4,1,0,0.9999893541697296,1,76.39918665856734
5,1,11,1,1193,15,7,2,3,1,1,76.32,1,0,0.9999963823628646,1,76.31972390193381
5,0,42,0,393,12,15,8,3,1,2,76.2,1,0,0.9998428192836792,1,76.18802282941635
4,0,33,0,1848,32,0,25,3,1,2,75.2,1,0,0.9998688776411536,1,75.19013959861475
0,0,34,0,428,6,14,15,3,1,2,73.36,1,0,0.9993541006933175,1,73.31261682686177
7,0,44,0,305,12,15,3,3,1,2,72.68,1,0,0.9999617239746329,1,72.67721809847633
6,0,6,1,1792,19,0,8,3,1,1,72.44,1,0,0.99998999186072,1,72.43927501039056
18,1,31,0,650,41,9,15,2,1,2,71.595,1,0,0.9999996230832484,1,71.59497301464516
18,0,31,0,650,41,9,15,2,1,2,71.595,1,0,0.9999823677903162,1,71.5937376219477
0,1,7,0,1372,14,2,8,2,1,1,71.37,1,0,0.9999996986931325,1,71.36997849572887
2,0,39,0,808,15,20,9,4,1,2,70.575,1,0,0.999910610078022,1,70.5686913062564
6,0,38,0,710,11,8,2,2,1,2,68.445,1,0,0.9995879608005007,1,68.41679797699027
22,0,29,0,875,45,6,13,2,1,2,68.4,1,0,0.9999684103810476,1,68.39783927006366
8,0,40,2,498,11,12,6,3,1,1,68.36,1,0,0.9999265718231479,1,68.35498044983039
21,0,33,0,765,46,7,14,2,1,2,67.995,1,0,0.9999877036316008,1,67.9941639084307
1,0,4,0,1487,13,0,6,2,1,1,67.5,1,0,0.9999133560404604,1,67.49415153273108
6,0,37,0,843,13,8,2,3,1,2,66.24,1,0,0.9996809874619533,1,66.21886860947978
2,0,36,0,818,8,18,7,4,1,2,65.65,1,0,0.9999563259027674,1,65.64713279551668
1,1,40,0,708,9,19,8,4,1,2,65.425,1,0,0.9999824796949479,1,65.42385373404197
6,1,11,2,1602,24,0,6,3,1,1,65.04,1,0,0.9999998078618503,1,65.03998750333474
5,1,38,0,933,13,16,6,4,1,2,63.65,1,0,0.9999996045713422,1,63.64997483096593
5,0,38,0,933,13,16,6,4,1,2,63.65,1,0,0.9999764330588224,1,63.648499964194045
0,1,11,1,1263,15,3,9,3,1,1,63.12,1,0,0.9999995962098708,1,63.119974512767044
8,0,41,2,365,9,12,4,3,1,1,62.96,1,0,0.9999556849891236,1,62.95720992691522
3,1,8,0,1373,13,0,3,2,1,1,62.37,1,0,0.9999991567473187,1,62.36994740633026
0,0,26,0,825,10,21,3,4,1,2,73.375,0,0,0.8412516163246133,1,61.7268373478185
0,0,26,0,825,10,21,3,4,1,2,73.375,1,0,0.8412516163246133,1,61.7268373478185
3,0,9,1,1488,19,0,7,3,1,1,60.28,1,0,0.9999973305466144,1,60.27983908534992
3,1,9,1,1487,19,0,7,3,1,1,60.24,1,0,0.999999977090381,1,60.239998619924556
3,0,9,1,1487,19,0,7,3,1,1,60.24,1,0,0.9999973305466144,1,60.23983919212806
0,1,24,0,765,7,16,1,4,1,2,59.3,1,0,0.999724196819202,1,59.28364487137868
0,0,33,0,1253,27,2,29,3,1,2,59.2,1,0,0.9998270890155978,1,59.18976366972339
21,1,30,0,775,39,5,12,2,1,2,59.13,1,0,0.9999981925653604,1,59.12989312638976
2,0,41,0,628,13,17,5,4,1,2,58.525,1,0,0.9998755825180545,1,58.51771846686914
2,0,40,0,180,8,11,5,2,1,2,57.96,1,0,0.9998622847166739,1,57.95201802217842
0,0,7,0,1428,16,0,5,3,1,1,57.76,1,0,0.9999621179722932,1,57.757811934079655
0,1,40,0,583,11,17,8,4,1,2,57.35,1,0,0.9999630632052917,1,57.34788167482348
2,0,5,0,1408,17,0,3,3,1,1,57.0,1,0,0.9999722790822143,1,56.99841990768621
2,1,39,0,313,10,11,7,3,1,2,56.92,1,0,0.9999530507110191,1,56.917327646471215
24,0,35,0,660,43,7,4,3,1,2,56.12,1,0,0.9999131990890877,1,56.1151287328796
0,1,3,0,1228,9,0,1,2,1,1,55.665,1,0,0.9999998521293806,1,55.66499176878197
0,1,7,0,1183,13,0,5,2,1,2,53.82,1,0,0.9999995803695227,1,53.81997741548771
0,0,7,0,1182,13,0,5,2,1,1,53.775,1,0,0.9999150322446206,1,53.77043085895448
0,0,3,0,1182,7,0,4,2,1,1,53.505,1,0,0.9999547060011644,1,53.50257654459231
1,0,6,1,1308,11,0,2,3,1,1,52.76,1,0,0.9999913642155842,1,52.75954437601422
1,0,9,1,1297,18,0,4,3,1,1,52.6,1,0,0.9999934093683623,1,52.59965333277586
3,0,38,1,688,10,14,6,4,1,1,52.45,1,0,0.9998725878022003,1,52.44331723022541
0,0,12,1,1182,19,1,6,3,1,1,52.04,1,0,0.9998682224551516,1,52.03314229656609
1,0,35,0,1033,12,10,2,4,1,2,51.125,1,0,0.9993192036489014,1,51.09019428655008
0,1,5,0,1123,10,0,3,2,1,2,50.985,1,0,0.9999997336943266,1,50.98498642240524
1,1,9,1,1243,16,0,7,3,1,1,50.36,1,0,0.999999970907473,1,50.359998534900335
0,0,3,0,1103,11,0,1,2,1,1,50.13,1,0,0.9999451554329215,1,50.127250641852356
5,0,36,0,873,10,11,4,4,1,2,49.575,1,0,0.9999888164772628,1,49.574445576860306
2,0,37,0,190,1,9,3,2,1,2,49.095,1,0,0.9992742157016442,1,49.05936761987222
2,0,36,0,323,3,9,5,3,1,2,49.04,1,0,0.9998808833051395,1,49.03415851728404
1,0,40,0,213,4,10,6,3,1,2,48.68,1,0,0.9999100444759847,1,48.675620965090935
1,0,41,0,80,2,10,4,2,1,2,48.69,1,0,0.9996937749041548,1,48.67508990008329
0,1,6,0,1068,7,0,1,2,1,1,48.375,1,0,0.9999998522130097,1,48.37499285080435
15,0,29,0,590,38,4,13,2,1,2,46.26,1,0,0.9999459900681441,1,46.257501500552344
5,0,38,0,438,8,7,4,3,1,2,45.84,1,0,0.9996345272007902,1,45.82324672688422
5,0,38,0,305,6,7,2,2,1,2,45.495,1,0,0.9994426637627877,1,45.46964398788802
5,0,36,0,305,6,7,2,2,1,2,45.495,1,0,0.9994215547254505,1,45.46868363223437
5,0,37,0,305,6,7,2,2,1,2,45.495,1,0,0.9992690570553735,1,45.46174575073422
5,0,39,0,305,6,7,2,2,1,2,45.495,1,0,0.9984416117728618,1,45.42410112760635
5,0,33,0,305,6,7,2,2,1,2,45.495,1,0,0.997780152530774,1,45.39400803938756
0,0,4,0,1003,5,0,4,2,1,1,45.36,1,0,0.9996629847894395,1,45.344712990048976
0,1,37,0,503,9,13,7,4,1,2,45.3,1,0,0.9999805772256226,1,45.2991201483207
0,0,7,0,992,12,0,2,2,1,1,45.18,1,0,0.9999174724652344,1,45.17627140597929
2,1,10,1,1082,14,0,9,3,1,1,43.84,1,0,0.9999996748800677,1,43.83998574674217
3,0,33,0,933,7,8,5,4,1,2,43.5,1,0,0.9996695819501618,1,43.48562681483204
5,1,35,0,305,6,7,2,3,1,2,40.44,1,0,0.9999960087062835,1,40.439838592082104
5,0,36,0,305,6,7,2,3,1,2,40.44,1,0,0.9989939842775927,1,40.399316724185844
5,1,37,0,305,6,7,2,3,1,2,40.44,1,0,0.9987658254679695,1,40.39008998192469
5,1,38,0,305,6,7,2,3,1,2,40.44,1,0,0.9986545180408845,1,40.38558870957336
0,0,34,0,513,2,11,5,4,1,2,40.375,1,0,0.9996148867198459,1,40.359451051313776
5,0,32,0,305,6,7,2,3,1,2,40.44,1,0,0.9972309318784122,1,40.32801888516298
5,0,34,0,305,6,7,2,3,1,2,40.44,1,0,0.9971079207786738,1,40.32304431628957
0,1,38,0,403,3,12,6,4,1,2,40.15,1,0,0.9999962965507759,1,40.14985130651365
23,0,32,0,840,41,0,13,2,1,2,39.645,1,0,0.9999950060165752,1,39.644802013527126
5,0,35,0,305,6,7,2,2,1,2,45.495,1,0,0.8459488560550462,1,38.48644320622432
5,0,35,0,305,6,7,2,2,1,2,45.495,0,0,0.8459488560550462,1,38.48644320622432
0,1,36,0,628,7,9,4,4,1,2,38.375,1,0,0.9999984069180891,1,38.37493886548167
0,0,36,0,628,7,9,4,4,1,2,38.375,1,0,0.999860961532245,1,38.369664398799905
5,0,37,0,818,7,7,2,4,1,2,38.125,1,0,0.9998481798189772,1,38.11921185559851
2,0,41,0,133,8,8,3,3,1,2,37.64,1,0,0.9998155330320113,1,37.63305666332491
18,1,27,0,695,37,1,11,2,1,2,37.44,1,0,0.9999996162291912,1,37.439985631620914
3,0,38,0,743,12,7,3,4,1,2,36.375,1,0,0.9998466514595996,1,36.369421946842934
0,0,42,0,0,0,8,0,2,1,2,36.0,1,0,0.9996905476876857,1,35.988859716756686
0,0,41,0,0,0,8,0,2,1,2,36.0,1,0,0.9996905476876857,1,35.988859716756686
0,1,9,0,888,9,0,3,3,1,1,35.88,1,0,0.9999996671388656,1,35.8799880569425
0,0,40,0,88,6,8,6,3,1,2,35.76,1,0,0.9991230498413003,1,35.728640262324895
16,0,26,0,650,35,1,14,2,1,2,35.325,1,0,0.9999286570430602,1,35.322479810046104
0,0,37,0,875,14,0,11,2,1,2,40.005,0,0,0.8425103892862359,1,33.70462812339587
0,0,37,0,875,14,0,11,2,1,2,40.005,1,0,0.8425103892862359,1,33.70462812339587
0,0,39,0,323,7,10,3,4,1,2,33.25,1,0,0.9996867302317971,1,33.239583780207255
0,0,8,0,777,8,0,7,3,1,1,31.4,1,0,0.999707039324584,1,31.390801034791938
3,0,38,1,193,5,5,4,3,1,1,27.92,1,0,0.999809371540355,1,27.914677653406713
17,0,27,0,570,39,0,11,2,1,2,27.405,1,0,0.9999266764096816,1,27.402990567007325
0,0,36,0,383,4,7,4,4,1,1,27.175,1,0,0.9998628142562169,1,27.171271977412697
1,0,35,0,538,7,1,1,3,1,2,25.8,1,0,0.999790700074843,1,25.79460006193095
18,0,30,0,535,35,0,11,2,1,2,25.65,1,0,0.9999751104947139,1,25.64936158418941
3,1,39,1,60,3,5,2,2,1,1,25.335,1,0,0.9999961511689438,1,25.334902489865193
5,0,34,0,305,6,7,2,4,1,2,25.275,1,0,0.9998793361590976,1,25.271950221421193
5,0,38,0,305,6,7,2,4,1,2,25.275,1,0,0.9996838728112545,1,25.267009885304457
5,0,32,0,305,6,7,2,4,1,2,25.275,1,0,0.9996564582503578,1,25.26631698227779
5,0,35,0,305,6,7,2,4,1,2,25.275,1,0,0.9994690357077537,1,25.261579877513473
0,0,34,0,568,4,4,2,4,1,2,24.3,1,0,0.999093075690434,1,24.277961739277547
22,0,34,0,550,42,0,19,3,1,2,23.68,1,0,0.9999962691898704,1,23.67991165441613
16,0,28,0,470,33,0,10,2,1,2,22.635,1,0,0.9999106206046618,1,22.632976897386524
16,1,31,0,460,40,0,12,2,1,2,22.5,1,0,0.9999992765327761,1,22.499983721987462
0,0,6,0,472,2,0,5,2,1,1,21.33,1,0,0.9995555409039708,1,21.320519687481696
13,1,25,0,390,31,0,9,2,1,2,18.945,1,0,0.9998792640537364,1,18.942712657498035
0,0,31,0,628,1,1,3,4,1,2,18.225,1,0,0.9997766500537377,1,18.22092944722937
0,0,38,0,0,0,4,0,2,1,2,18.0,1,0,0.9988105776407055,1,17.9785903975327
19,0,33,0,355,37,0,2,2,1,2,17.64,1,0,0.9999697209559749,1,17.639465877663397
3,0,33,0,438,2,0,3,3,1,2,17.6,1,0,0.9996225484573723,1,17.593356852849755
0,0,37,0,8,4,4,5,3,1,2,16.48,1,0,0.9996777091956174,1,16.474688647543775
5,0,32,1,305,6,7,2,5,1,1,15.165,1,0,0.9991468584580867,1,15.152062108516883
0,0,39,0,0,0,3,0,2,1,2,13.5,1,0,0.9991598364873072,1,13.488657792578648
0,1,34,0,323,1,2,2,4,1,2,13.1,1,0,0.9999993744769922,1,13.099991805648598
0,0,34,0,323,1,2,2,4,1,2,13.1,1,0,0.9997718443861057,1,13.097011161457983
0,0,35,0,513,1,0,3,4,1,2,12.85,1,0,0.9968996080795418,1,12.810159963822112
17,0,32,0,245,36,0,17,2,1,2,12.645,1,0,0.9999928375991453,1,12.64490943144119
0,0,38,0,0,0,3,0,3,1,2,12.0,1,0,0.9999350538515648,1,11.999220646218777
0,0,36,0,438,6,0,1,4,1,2,11.1,1,0,0.9989680583288244,1,11.08854544744995
0,0,32,0,263,1,0,1,3,1,2,10.56,1,0,0.9965285402198214,1,10.523341384721315
3,0,38,0,248,7,0,1,3,1,2,10.2,1,0,0.9996024889465075,1,10.195945387254376
0,0,35,0,0,0,2,0,2,1,2,9.0,1,0,0.998618323953347,1,8.987564915580123
0,0,34,0,0,0,2,0,3,1,2,8.0,1,0,0.9991401453524444,1,7.9931211628195555
0,0,37,0,223,2,0,6,4,1,2,5.625,1,0,0.9992260904785971,1,5.620646758942109
0,0,36,0,133,2,0,2,3,1,2,5.4,1,0,0.9983213853034629,1,5.3909354806387
0,0,40,0,0,0,1,0,2,1,2,4.5,1,0,0.9996244679710369,1,4.498310105869666
0,0,36,0,0,0,1,0,2,1,2,4.5,1,0,0.9989805480839139,1,4.495412466377613
0,0,39,0,0,0,1,0,3,1,2,4.0,1,0,0.9999223456345637,1,3.999689382538255
7,0,31,0,50,2,0,1,2,1,2,2.34,1,0,0.9995838537529386,1,2.339026217781876
0,0,37,0,0,0,9,0,2,1,2,40.5,0,0,0.025457040799903977,0,1.031010152396111
5,0,32,1,305,6,7,2,3,1,1,40.44,0,0,0.022709469077491707,0,0.9183709294937645
2,1,27,1,1070,33,191,11,2,2,1,909.135,0,0,0.0008595925684096216,0,0.7814856896810813
5,0,38,0,305,6,7,2,3,1,2,40.44,0,0,0.012361759784770748,0,0.49990956569612904
5,0,34,0,5838,93,0,8,2,1,1,266.895,0,0,0.00151598780308703,0,0.4046095647049128
5,0,37,0,305,6,7,2,3,1,2,40.44,0,0,0.00919385992091789,0,0.3717996952019194
2,0,31,0,825,16,29,4,4,1,2,93.525,0,0,0.0035074093077945585,0,0.3280304555114861
4,0,27,1,1315,36,193,11,2,2,1,929.295,0,0,0.00031416685803922463,0,0.29195369034156127
0,0,36,0,1455,23,257,1,3,1,1,1087.12,0,0,0.00026552707662594007,0,0.28865979554159193
0,0,38,0,128,5,32,6,3,1,2,133.32,0,0,0.002056181584862253,0,0.2741301288938356
0,0,31,0,338,5,0,1,4,1,1,8.575,0,0,0.025242175778962785,0,0.21645165730460586
5,0,40,0,305,6,7,2,2,1,2,45.495,0,0,0.004201685350845112,0,0.19115567503669836
6,0,32,0,1970,44,37,21,3,1,2,228.56,0,0,0.0007145661698563094,0,0.16332124378235807
10,0,37,0,2160,51,54,25,3,1,2,304.44,0,0,0.0005352186034784836,0,0.16294195164298955
12,0,37,2,3855,39,15,16,3,1,1,215.76,0,0,0.000754299591682939,0,0.16274767990151093
0,0,39,0,73,2,5,4,2,1,1,25.875,0,0,0.006055743787147464,0,0.15669237049244064
13,0,40,3,3265,55,313,35,4,1,1,865.5,0,0,0.0001810272939914274,0,0.15667912294958042
1,0,35,0,5498,83,0,6,2,1,1,251.145,0,0,0.0005790811904304263,0,0.1454333455706494
3,0,34,0,1550,38,6,16,3,1,2,87.52,0,0,0.0016324939987006704,0,0.14287587476628266
5,0,28,0,305,6,7,2,4,1,2,25.275,0,0,0.0055673555255345486,0,0.1407149109078857
0,0,37,0,520,14,38,10,3,1,2,173.36,0,0,0.0007963006759183018,0,0.13804668517719682
5,0,39,0,580,10,7,2,2,1,2,58.05,0,0,0.0023763565402429463,0,0.13794749716110302
6,0,37,0,5803,89,0,8,2,1,1,265.14,0,0,0.0004968113733702668,0,0.13172456753539252
9,0,39,0,1780,30,28,28,2,1,2,207.45,0,0,0.0006202017194409885,0,0.12866084669803304
0,0,35,0,1170,18,14,24,2,1,2,116.46,0,0,0.0010894636241473323,0,0.1268789336681983
8,0,36,0,2533,58,22,30,3,1,2,191.64,0,0,0.0006610787836962545,0,0.1266891381075502
9,0,33,0,3085,53,174,24,2,1,1,924.21,0,0,0.0001363754730752108,0,0.1260395759708406
0,0,35,0,290,2,0,2,2,1,2,13.14,0,0,0.009490889495182715,0,0.12471028796670088
5,0,36,1,6213,99,21,25,2,1,1,378.54,0,0,0.0003284134418329981,0,0.1243176242714631
8,0,36,0,1855,44,13,18,3,1,2,127.96,0,0,0.0009655242160824612,0,0.12354847868991173
0,0,32,0,875,8,0,10,2,1,2,39.735,0,0,0.0030165681634670752,0,0.11986333597536424
0,0,3,0,3825,24,193,2,2,1,1,1041.705,0,0,0.00011456467954490321,0,0.11934259950532339
9,0,39,0,2550,39,260,16,3,1,1,1143.56,0,0,0.00010394597918329145,0,0.11886846395484477
2,0,44,0,318,11,15,5,3,1,2,73.16,0,0,0.0016212455812252206,0,0.11861032672243714
13,0,17,3,3043,45,7,17,3,1,1,151.52,0,0,0.000773884587198387,0,0.11725899265229961
11,0,39,0,6108,95,7,10,2,1,1,310.635,0,0,0.0003774258441565239,0,0.11724167709956179
0,0,29,0,1363,13,0,3,3,1,1,55.04,0,0,0.0021255014781152346,0,0.11698760135546252
4,0,33,0,5918,89,0,11,2,1,1,270.315,0,0,0.00042395890959459376,0,0.1146024526470626
0,0,30,0,5353,79,0,4,2,1,1,244.44,0,0,0.00046719121607623833,0,0.1142002208576757
11,0,37,0,2970,53,150,21,2,1,1,811.035,0,0,0.00014010065957589086,0,0.11362653843913263
6,0,38,0,2550,40,294,21,3,1,1,1279.6,0,0,8.713944055281e-05,0,0.11150362813137568
2,0,38,0,5318,85,0,15,2,1,1,243.135,0,0,0.0004579343751054584,0,0.11133987429126563
0,0,37,0,613,9,21,17,2,1,2,122.49,0,0,0.0008931233027961043,0,0.10939867335949481
4,0,31,1,1270,40,201,15,2,2,1,963.45,0,0,0.00011354656994285794,0,0.10939644281144649
3,0,33,0,3713,52,0,28,1,1,1,207.075,0,0,0.0005277529955522266,0,0.10928445155397733
0,0,42,0,13,5,8,3,3,1,2,32.72,0,0,0.0033387890082300286,0,0.10924517634928653
5,0,31,2,1395,38,203,15,2,2,1,977.985,0,0,0.00011085649007552854,0,0.10841598444651578
0,0,21,0,825,4,13,2,4,1,2,53.225,0,0,0.0020296175995660713,0,0.10802639673690415
17,0,34,1,6043,102,23,22,2,1,1,380.025,0,0,0.00028217989825445153,0,0.10723541583414793
0,0,8,1,2288,29,9,11,3,1,1,128.68,0,0,0.0008316417540656061,0,0.1070156609131622
1,0,38,0,723,10,8,2,2,1,2,68.985,0,0,0.0015472377840715114,0,0.10673619853417321
0,0,10,0,1130,10,6,6,2,1,1,78.3,0,0,0.0013549764904697045,0,0.10609465920377786
3,0,10,2,2593,35,16,13,3,1,1,169.12,0,0,0.0006272164227254233,0,0.1060748414113236
5,0,35,0,1015,14,12,9,2,1,2,100.305,0,0,0.0010455172051513151,0,0.10487060326270267
5,0,37,0,2765,44,286,16,3,1,1,1256.36,0,0,8.09430013474345e-05,0,0.10169354917286279
0,0,41,0,93,1,10,6,2,1,2,49.23,0,0,0.0020533938002134044,0,0.10108857678450589
21,0,35,0,1265,41,32,15,3,1,2,180.24,0,0,0.0005597428191444108,0,0.10088804572258861
5,0,31,0,1710,40,30,16,3,1,2,190.0,0,0,0.0005276369653773532,0,0.1002510234216971
2,0,33,0,3245,27,1,12,3,1,1,134.88,0,0,0.0007430697624377036,0,0.10022524955759746
10,0,36,3,3745,38,28,31,3,1,1,263.32,0,0,0.0003727902601862821,0,0.0981631313122518
4,0,38,0,5673,92,5,12,2,1,1,281.925,0,0,0.00034185864461632875,0,0.09637849838345848
5,0,5,1,4435,36,207,6,3,1,1,1006.84,0,0,9.541095503888907e-05,0,0.09606356597135508
11,1,38,0,2428,55,17,20,3,1,2,167.32,0,0,0.0005635318848244218,0,0.09429015496882225
5,0,33,0,920,10,7,7,2,1,2,73.35,0,0,0.00124741528902443,0,0.09149791144994193
1,0,30,0,905,12,31,7,4,1,2,100.425,0,0,0.0009004810717921504,0,0.0904308116347267
13,0,40,1,5773,102,34,28,2,1,1,417.375,0,0,0.00021625064458404673,0,0.09025761278326651
14,0,38,0,2680,61,53,22,4,1,2,201.025,0,0,0.0004413158038966188,0,0.08871550947831779
7,0,46,0,623,17,22,7,3,1,2,113.6,0,0,0.0007635104464979115,0,0.08673478672216274
8,0,38,2,2960,49,306,33,3,1,1,1344.36,0,0,6.424808560835965e-05,0,0.08637255636845437
4,0,31,0,2780,47,167,22,2,1,1,878.715,0,0,9.688831620869352e-05,0,0.08513721677732213
0,0,30,0,570,2,0,8,2,1,2,25.74,0,0,0.0032302899669913914,0,0.08314766375035841
0,0,28,0,600,6,24,5,4,1,2,75.15,0,0,0.0010993699106422125,0,0.08261764878476227
7,0,35,0,2665,39,284,19,3,1,1,1244.16,0,0,6.619003164575996e-05,0,0.08235098977238872
0,0,40,0,193,7,11,7,2,1,2,58.5,0,0,0.001405493105555043,0,0.08222134667497003
2,0,42,0,498,13,18,9,2,1,2,103.995,0,0,0.000778748417391921,0,0.08098594166667283
0,0,40,0,433,11,39,8,3,1,2,173.76,0,0,0.0004648860679357048,0,0.08077860316450806
11,0,42,0,1333,22,22,6,3,1,2,142.2,0,0,0.0005673624332365975,0,0.08067893800624416
5,0,34,0,755,10,7,4,3,1,2,58.6,0,0,0.001370470081784291,0,0.08030954679255946
9,0,28,1,1505,36,168,9,2,2,1,825.345,0,0,9.721643181044478e-05,0,0.08023709591259155
5,0,14,1,1740,22,20,10,2,1,1,169.29,0,0,0.0004706407603138042,0,0.0796747743135239
0,0,37,0,258,2,2,2,2,1,2,20.7,0,0,0.003841931823435091,0,0.07952798874510639
6,0,13,3,2673,37,20,14,3,1,1,188.4,0,0,0.00042109229409190016,0,0.07933378820691399
16,0,38,2,5933,103,24,23,2,1,1,379.62,0,0,0.00020442015187802006,0,0.07760197805593398
19,0,27,3,2130,48,47,30,2,1,1,309.51,0,0,0.0002494043589149167,0,0.07719314312775587
0,0,35,0,1478,25,25,8,4,1,1,100.075,0,0,0.0007709606293889144,0,0.07715388498609561
15,0,38,0,2643,60,334,22,2,1,1,1624.635,0,0,4.653910943669705e-05,0,0.07560906605968831
5,0,39,0,563,8,9,4,3,1,2,58.84,0,0,0.0012795538905898,0,0.07528895092230384
4,0,33,0,1973,25,0,7,3,1,1,79.92,0,0,0.0009399919488872868,0,0.07512415655507196
2,0,39,0,508,6,16,7,2,1,2,95.13,0,0,0.0007861720043834517,0,0.07478854277699776
0,0,39,0,318,5,7,4,2,1,2,46.035,0,0,0.0016005646051176772,0,0.07368199159659226
4,0,39,0,918,15,28,19,3,1,2,149.32,0,0,0.00048281799126819917,0,0.07209438245616749
11,0,40,1,2855,46,301,23,3,1,1,1320.04,0,0,5.4216339274594486e-05,0,0.0715677364960357
5,0,37,0,835,12,9,5,3,1,2,69.88,0,0,0.0010091093067657437,0,0.07051655835679016
13,0,30,0,880,33,21,12,2,1,2,135.585,0,0,0.0005195845327966913,0,0.0704478688792394
4,0,35,0,5738,87,0,7,3,1,1,233.0,0,0,0.00030218869076567773,0,0.07040996494840292
0,0,34,0,955,33,13,20,3,1,2,91.52,0,0,0.0007688072851295357,0,0.0703612427350551
0,0,26,0,580,7,19,3,4,1,1,62.175,0,0,0.0010985980804035153,0,0.06830533564908857
0,0,31,0,405,2,0,5,2,1,2,18.315,0,0,0.003704918861427378,0,0.06785558894704244
0,0,29,0,520,10,22,2,4,1,2,68.25,0,0,0.0009800626034421683,0,0.06688927268492799
3,0,13,1,2433,33,0,13,3,1,1,98.64,0,0,0.0006764512754501443,0,0.06672515381040223
0,0,33,0,653,8,0,4,3,1,1,26.44,0,0,0.0024921931980128203,0,0.06589358815545897
5,0,17,1,1820,24,24,11,3,1,1,169.76,0,0,0.00038540838635247693,0,0.06542692766719647
5,0,38,0,955,17,15,8,3,1,2,98.88,0,0,0.0006612842528947772,0,0.06538778692623556
9,1,39,0,2353,60,40,21,3,1,2,256.52,0,0,0.0002547158473987865,0,0.06533970917473671
9,0,35,0,6223,95,6,13,2,1,1,311.31,0,0,0.00020926583180827963,0,0.06514654610023553
16,0,33,0,960,35,25,13,3,1,2,139.8,0,0,0.00045707380399174916,0,0.06389891779804653
6,0,38,0,1310,24,34,23,3,1,2,189.36,0,0,0.00033182494965717,0,0.06283437246708172
14,0,39,1,5080,82,30,17,3,1,1,326.48,0,0,0.0001920574201635714,0,0.0627029065350028
0,0,32,0,1935,6,0,2,3,1,1,77.64,0,0,0.0008061535145373878,0,0.06258975886868279
5,0,41,0,623,11,14,6,3,1,2,81.36,0,0,0.0007685971672911656,0,0.06253306553080923
0,0,37,0,630,11,0,11,2,1,1,28.845,0,0,0.002159077822619711,0,0.06227859979346557
5,0,34,1,305,6,7,2,5,1,1,15.165,0,0,0.00401395486098118,0,0.060871625466779586
0,0,13,1,1837,28,0,17,3,1,1,74.6,0,0,0.0008066540438884664,0,0.060176391674079587
0,0,37,0,275,4,0,1,2,1,2,12.555,0,0,0.004695970725318302,0,0.058957912456371275
1,0,25,0,1230,15,22,1,4,1,2,86.125,0,0,0.0006845383360223238,0,0.058955864189922644
13,0,39,2,5225,94,10,25,3,1,1,252.76,0,0,0.00023246547747432088,0,0.05875797408640934
6,0,35,0,3030,22,7,12,3,1,1,150.08,0,0,0.00038829493468164406,0,0.058275303797021144
11,0,35,0,4675,71,4,18,2,1,1,231.57,0,0,0.00025099790698690576,0,0.058123585320957766
0,0,35,0,4903,78,0,10,2,1,1,224.145,0,0,0.00025213226867122195,0,0.056514187361311044
6,0,40,0,1028,16,15,4,3,1,2,101.76,0,0,0.0005530701069000544,0,0.056280414078149536
3,0,36,1,2655,43,299,31,3,1,1,1303.92,0,0,4.30764313706304e-05,0,0.056168220392792394
4,0,16,1,2253,35,10,4,3,1,1,131.52,0,0,0.0004256415016495718,0,0.05598037029695169
7,0,39,0,900,14,7,6,2,1,2,72.63,0,0,0.0007631013528382586,0,0.055424051256642716
19,0,40,3,7733,92,123,39,2,1,1,905.625,0,0,6.086147859062447e-05,0,0.05511767654863429
5,0,35,0,1910,47,40,20,3,1,2,238.28,0,0,0.00022846304088599995,0,0.05443817338231607
5,0,42,0,738,17,46,10,3,1,2,214.2,0,0,0.00025207436537026445,0,0.05399432906231064
11,0,31,0,655,29,18,11,2,1,2,111.78,0,0,0.00048131502714428444,0,0.053801393734188116
0,0,6,0,3970,28,176,4,2,1,1,971.91,0,0,5.52347360027799e-05,0,0.05368319226846181
6,0,38,0,1585,25,8,11,2,1,2,108.45,0,0,0.000492332661420084,0,0.053393477131008116
5,0,32,0,3390,74,15,22,2,1,1,223.38,0,0,0.00023561475341371557,0,0.05263162361755578
20,0,29,0,1605,41,38,24,3,1,2,217.84,0,0,0.00024110622258004046,0,0.05252257952683601
20,0,33,2,1790,48,41,21,2,1,1,267.21,0,0,0.00019616152928340845,0,0.05241632223981957
18,0,40,0,3143,70,36,34,3,1,2,272.52,0,0,0.00018985497706559037,0,0.05173927834991469
14,0,38,2,7428,86,116,37,2,1,1,860.13,0,0,5.991910939446714e-05,0,0.05153822356346302
0,0,30,0,780,14,29,7,4,1,2,92.35,0,0,0.0005413672829295701,0,0.0499952685785458
10,0,39,1,3070,50,293,18,3,1,1,1296.8,0,0,3.816972501060598e-05,0,0.049498499393753836
0,0,14,0,1948,29,3,2,3,1,1,91.08,0,0,0.0005425044126844118,0,0.04941130190729622
0,0,36,0,405,8,6,6,2,1,2,45.585,0,0,0.0010835974515084593,0,0.04939578982701311
3,0,36,0,623,5,6,5,2,1,2,55.26,0,0,0.0008879706951280866,0,0.04906926061277806
9,0,33,0,3775,76,24,27,2,1,1,281.295,0,0,0.0001735130257901504,0,0.04880834658964036
0,0,11,0,1390,14,13,11,2,1,1,121.68,0,0,0.0003998636666153007,0,0.04865541095374979
4,0,28,2,1430,42,225,15,3,2,1,958.88,0,0,5.040868484467595e-05,0,0.04833587972386288
5,0,37,0,1370,40,24,7,3,1,2,152.4,0,0,0.00031582803426078994,0,0.04813219242134439
7,1,33,0,2238,48,0,16,3,1,2,91.44,0,0,0.0005134309512887029,0,0.046948126185839
5,0,36,0,1000,12,7,8,2,1,2,77.04,0,0,0.0006032188296352914,0,0.046471978635102856
5,0,26,0,1070,13,23,3,4,1,2,84.575,0,0,0.00054830395270795,0,0.04637280680027487
9,0,38,2,3205,31,12,18,3,1,1,177.44,0,0,0.0002611034159836194,0,0.04633019013213342
15,0,31,1,1485,42,34,19,2,1,1,221.715,0,0,0.00020754035190112576,0,0.0460148091217581
0,0,33,0,5433,81,0,5,2,1,1,248.13,0,0,0.0001853747666518374,0,0.045997040849320416
4,0,37,0,1475,24,21,26,2,1,2,161.955,0,0,0.00028206702412668616,0,0.04568216489243746
0,0,3,0,4130,30,200,4,3,1,1,966.4,0,0,4.704287636552695e-05,0,0.04546223571964524
3,0,41,1,378,8,12,6,3,1,1,63.44,0,0,0.0007114197078337893,0,0.04513246626497559
11,0,40,0,1890,31,15,13,2,1,2,153.945,0,0,0.0002888538988416292,0,0.04446761345717461
19,0,41,2,5385,88,37,19,3,1,1,366.92,0,0,0.00011999297418613927,0,0.04402782208837822
0,0,33,0,2130,11,0,14,3,1,1,85.64,0,0,0.0005081000828887219,0,0.04351369109859014
0,0,37,0,1263,20,0,8,4,1,1,32.075,0,0,0.0013474559198893006,0,0.04321964863044932
6,0,7,1,4615,44,212,8,3,1,1,1034.36,0,0,4.176094408461714e-05,0,0.043195850123364576
0,0,32,0,650,27,6,18,3,1,2,51.08,0,0,0.0008342766697343585,0,0.04261485229003103
2,0,26,0,1015,11,30,6,4,1,2,100.65,0,0,0.00042331562554476866,0,0.04260671771108097
5,0,33,0,4023,82,1,29,2,1,1,189.225,0,0,0.00022370683472896122,0,0.042330925801587684
11,0,40,0,1615,30,41,25,3,1,2,229.8,0,0,0.00018282446521988244,0,0.04201306210752899
1,0,32,0,5658,85,0,6,2,1,1,258.435,0,0,0.00016245472892888215,0,0.04198398787073566
0,0,35,0,1378,41,0,31,1,1,1,78.045,0,0,0.0005308136415266529,0,0.04142735065294762
7,0,41,0,813,12,23,9,3,1,2,125.0,0,0,0.0003288229911348155,0,0.04110287389185194
12,0,29,0,405,21,7,2,3,1,2,45.04,0,0,0.0009125713382225553,0,0.041102213073543885
0,0,3,0,4085,28,200,7,2,1,1,1085.085,0,0,3.7648645158328605e-05,0,0.040851980131625
9,1,41,0,2050,52,55,26,4,1,2,190.05,0,0,0.00021439986027823276,0,0.04074669344587814
4,0,33,0,2600,45,164,18,2,1,1,857.025,0,0,4.693682177039337e-05,0,0.04022602967777138
5,0,34,2,3440,32,21,29,3,1,1,222.88,0,0,0.00018016152074759348,0,0.040154399744223634
0,0,33,0,1488,17,0,1,3,1,1,60.2,0,0,0.0006668025191243529,0,0.040141511651286044
0,0,35,0,530,6,2,3,3,1,2,29.44,0,0,0.0013441832448049334,0,0.03957275472705724
0,0,29,0,1280,36,21,14,3,1,2,136.64,0,0,0.0002883053902132848,0,0.03939404851874323
0,0,34,0,455,2,0,5,2,1,2,20.565,0,0,0.0019097768540877282,0,0.03927456100431413
6,0,37,0,1858,25,7,4,3,1,1,103.32,0,0,0.00037761950328350503,0,0.03901564707925174
10,0,38,3,2573,41,28,23,4,1,1,135.35,0,0,0.00028698746712173316,0,0.03884375367492658
0,0,38,0,520,13,4,5,3,1,2,37.32,0,0,0.0010401267769107952,0,0.03881753131431088
16,0,40,4,5420,99,30,42,3,1,1,340.76,0,0,0.0001133089619080034,0,0.03861116185977124
5,0,35,0,1855,45,47,23,3,1,2,264.0,0,0,0.0001459543796569306,0,0.038531956229429676
8,0,15,2,2738,39,0,15,3,1,1,111.08,0,0,0.0003458780709638249,0,0.03842013612266167
3,0,34,0,2280,37,275,14,3,1,1,1192.68,0,0,3.2091947920057615e-05,0,0.03827542444529432
6,0,36,0,935,18,10,6,3,1,2,78.12,0,0,0.0004899356908713003,0,0.038273776170865983
8,0,33,0,4198,60,0,34,1,1,1,234.19,0,0,0.00016333500657988935,0,0.03825142519094429
8,0,39,0,3650,84,36,31,2,1,1,330.03,0,0,0.00011491143986001932,0,0.037924222497002176
0,0,28,0,2215,37,153,15,2,1,1,789.84,0,0,4.790998227702344e-05,0,0.037841220401684195
0,0,4,0,3905,26,197,3,3,1,1,945.24,0,0,4.001433661540292e-05,0,0.037823151542343454
5,0,38,1,1373,21,7,2,4,1,1,52.35,0,0,0.0007128010833789021,0,0.037315136714885525
5,0,8,2,4515,38,211,7,3,1,1,1026.12,0,0,3.632606834263212e-05,0,0.03727490524774167
0,0,36,0,685,14,25,13,2,1,2,143.955,0,0,0.0002587215331779452,0,0.03724425830863111
9,0,37,0,4775,76,23,15,2,1,1,321.795,0,0,0.00011565369866211327,0,0.03721678196097474
1,0,34,0,630,12,3,4,2,1,2,42.39,0,0,0.0008715149719719841,0,0.03694351966189241
16,0,29,0,1005,31,17,9,3,1,2,109.44,0,0,0.0003284702395186323,0,0.035947783012919114
8,0,43,2,683,14,19,8,3,1,1,103.88,0,0,0.00034448261120783934,0,0.03578485365227035
0,0,34,0,5703,58,76,35,2,1,1,601.245,0,0,5.938037681986707e-05,0,0.03570215466106098
0,0,3,0,4005,32,198,4,3,1,1,953.48,0,0,3.7430042691901764e-05,0,0.0356887971058745
5,0,36,1,305,6,7,2,5,1,1,15.165,0,0,0.0023311521372195517,0,0.035351922160934496
0,0,33,0,1248,13,0,3,3,1,1,50.44,0,0,0.0006972443090998504,0,0.03516900295099645
15,0,39,1,5998,106,37,29,2,1,1,441.18,0,0,7.89557667063199e-05,0,0.034833705155494214
0,0,32,0,1245,32,0,14,3,1,2,51.08,0,0,0.000679228635774261,0,0.03469499871534925
6,0,27,1,1560,39,195,11,2,2,1,949.455,0,0,3.577595853516609e-05,0,0.033967662711006125
7,0,35,1,3550,33,8,14,3,1,1,175.32,0,0,0.00019374423343578866,0,0.03396723900596247
4,0,31,0,3145,22,0,15,3,1,1,126.68,0,0,0.00026677343434193686,0,0.03379485866243656
4,0,32,0,1978,44,0,11,3,1,2,80.88,0,0,0.0004156190175548768,0,0.03361526613983844
14,0,40,2,3145,62,187,27,2,1,1,985.815,0,0,3.383640570621302e-05,0,0.03335643629127039
3,0,34,0,3410,73,20,24,2,1,1,246.735,0,0,0.00013258121366352673,0,0.03271242575327027
15,1,44,0,2623,62,25,23,3,1,2,207.4,0,0,0.00015509211862245955,0,0.03216610540229811
5,0,38,0,305,6,7,2,5,1,1,15.165,0,0,0.0021160714964453633,0,0.03209022424359393
7,0,12,2,2773,43,21,15,3,1,1,196.64,0,0,0.00016299246603273504,0,0.032050838520677014
16,0,38,2,5878,101,31,26,2,1,1,408.555,0,0,7.430921976834063e-05,0,0.030359403282454407
12,0,37,0,2643,61,368,27,3,1,1,1580.16,0,0,1.9130594441193322e-05,0,0.03022940011219604
10,0,29,0,1180,36,27,17,2,1,1,176.22,0,0,0.00017111881145493092,0,0.030154556954587925
7,0,17,3,2447,40,13,21,3,1,1,151.48,0,0,0.00019898307323374601,0,0.030141955933447845
9,0,18,2,2558,41,17,6,3,1,1,171.96,0,0,0.00017011241564074568,0,0.029252530993582628
2,0,37,0,595,8,0,4,2,1,2,27.135,0,0,0.0010718214120941899,0,0.029083874017175843
0,0,34,0,0,0,6,0,5,1,1,9.0,0,0,0.003226622654808381,0,0.029039603893275426
3,0,39,0,990,19,0,10,2,1,2,45.405,0,0,0.0006389301758433584,0,0.02901062463416769
0,0,32,1,3135,26,14,27,3,1,1,182.44,0,0,0.0001577537618960524,0,0.0287805963203158
3,0,37,0,3020,30,11,19,3,1,1,166.0,0,0,0.00017286967442760152,0,0.028696365954981852
0,0,5,0,4025,31,203,6,3,1,1,974.24,0,0,2.9451843411273713e-05,0,0.028693163924999304
6,0,34,0,1790,42,34,17,3,1,2,209.28,0,0,0.00013475111059957267,0,0.028200712426278567
15,0,36,1,6063,101,28,24,2,1,1,403.38,0,0,6.93137879439293e-05,0,0.027959795780822205
1,0,5,0,4310,38,205,6,3,1,1,993.92,0,0,2.8071070719050478e-05,0,0.02790039860907865
0,0,33,0,2610,13,465,1,3,1,1,1964.92,0,0,1.3931190997302176e-05,0,0.027373675814418994
18,0,41,3,5530,100,17,27,4,1,1,183.25,0,0,0.00014928292454709672,0,0.027356095923255472
3,0,34,0,1180,14,0,12,2,1,2,53.73,0,0,0.0005069588481944554,0,0.027238898913488085
13,0,34,0,2758,60,358,25,2,1,1,1737.81,0,0,1.5668079434015453e-05,0,0.027228145121226392
7,0,31,0,1310,24,39,10,4,1,2,130.85,0,0,0.00020781226720387188,0,0.027192235163626635
32,1,40,4,15635,232,70,37,3,1,1,914.68,0,0,2.9652182780451558e-05,0,0.027122258545623428
7,0,24,1,1620,36,192,12,2,2,1,938.52,0,0,2.8864235984171017e-05,0,0.02708966275586418
22,0,41,3,4790,99,47,30,3,1,1,383.56,0,0,7.057002170481669e-05,0,0.02706783752509949
3,0,35,0,4123,87,3,26,2,1,1,202.95,0,0,0.00013335255539935036,0,0.027063901118298154
11,0,31,1,2053,53,48,75,5,1,1,103.59,0,0,0.00025787106329110013,0,0.026712863446325064
11,0,24,0,1630,37,20,11,2,1,1,165.015,0,0,0.00016109178954307416,0,0.02658256165145038
1,0,30,0,1665,38,30,19,3,1,2,188.12,0,0,0.00014098212799810447,0,0.026521557919003413
17,0,28,0,1410,36,18,7,3,1,2,129.84,0,0,0.00020303324810435328,0,0.02636183693386923
2,0,15,2,2142,34,6,19,3,1,1,111.04,0,0,0.00023101100354513976,0,0.02565146183365232
21,0,32,8,10480,89,7,38,5,1,1,169.035,0,0,0.00015067734498866396,0,0.025469745010158813
0,0,33,0,1765,36,143,21,2,1,1,724.545,0,0,3.511564140296367e-05,0,0.025442862400310313
16,0,28,0,890,25,7,5,2,1,2,72.675,0,0,0.0003474254547716636,0,0.02524914492553065
21,0,28,2,2240,49,34,15,2,1,1,256.005,0,0,9.842481879969778e-05,0,0.02519724573681663
0,0,31,0,5613,83,0,9,2,1,1,256.32,0,0,9.816488277153338e-05,0,0.025161622751999436
3,0,36,0,1858,26,9,9,3,1,1,111.36,0,0,0.00022547019613658123,0,0.025108361041769684
4,0,31,0,3470,70,17,25,2,1,1,235.8,0,0,0.00010629984224155935,0,0.0250655028005597
13,0,38,1,3275,60,191,28,2,1,1,1009.575,0,0,2.466773690971356e-05,0,0.02490393049062407
13,0,32,0,700,31,18,8,3,1,2,101.24,0,0,0.0002451130475522095,0,0.024815244934185687
10,0,47,0,883,21,29,12,3,1,2,152.16,0,0,0.000162896647383783,0,0.02478635386591642
2,0,36,0,1260,39,20,22,3,1,2,131.96,0,0,0.00018773636644406363,0,0.02477369091595864
13,0,38,0,2838,64,29,32,3,1,2,232.08,0,0,0.00010646008711178368,0,0.024707257016902757
6,0,32,0,3515,72,17,22,2,1,1,237.915,0,0,0.00010300618010332907,0,0.024506715339283534
10,0,34,0,3695,80,22,24,3,1,1,239.0,0,0,0.00010203988311844742,0,0.024387532065308932
0,0,30,0,1828,42,0,25,1,1,1,102.85,0,0,0.00023706282504674375,0,0.02438191155605759
6,0,32,0,1210,18,38,9,4,1,2,125.7,0,0,0.00019165471689798732,0,0.024090997914077008
3,0,36,0,5803,90,9,13,2,1,1,305.685,0,0,7.780285460533463e-05,0,0.023783165610031718
12,0,39,2,2683,42,15,8,4,1,1,105.625,0,0,0.00022481858438921665,0,0.023746462976111007
7,0,29,2,1375,39,198,13,3,2,1,848.56,0,0,2.7742940348082414e-05,0,0.023541549461768813
0,0,7,0,4330,37,210,8,3,1,1,1014.68,0,0,2.3191036027441876e-05,0,0.02353148043632472
2,0,33,0,2360,33,277,17,3,1,1,1203.72,0,0,1.9545738980902444e-05,0,0.023527596926091892
8,0,39,0,1420,25,21,8,3,1,2,141.8,0,0,0.00016288751736096715,0,0.023097449961785144
8,0,37,0,1970,50,45,22,3,1,2,260.8,0,0,8.855136388123615e-05,0,0.02309419570022639
5,0,35,0,1100,18,7,9,2,1,2,81.81,0,0,0.0002818683222650246,0,0.023059647444501664
7,0,29,0,475,21,13,9,2,1,2,80.82,0,0,0.0002829473756583575,0,0.02286780690070845
0,0,32,0,5533,87,0,6,2,1,1,252.9,0,0,8.999257917217028e-05,0,0.022759123272641863
6,0,29,0,1748,47,41,73,4,1,1,147.375,0,0,0.00015427285828461642,0,0.022735962489695345
0,0,30,0,1673,38,0,9,3,1,2,68.44,0,0,0.0003286430887784903,0,0.022492332995999877
4,0,37,0,2980,21,451,4,3,1,1,1924.04,0,0,1.1677582483004618e-05,0,0.022468135800600204
6,0,45,0,703,13,24,10,3,1,2,124.64,0,0,0.00018018949476646606,0,0.02245881862769233
18,0,34,0,1005,37,25,10,3,1,2,141.68,0,0,0.00015762295173773027,0,0.022332019802201626
5,0,28,0,1273,35,16,55,4,1,1,72.7,0,0,0.00030600560442746444,0,0.022246607441876665
5,0,36,2,2268,35,21,21,4,1,1,110.075,0,0,0.0001999524043696727,0,0.022009760910991723
0,0,38,0,1760,29,264,3,3,1,1,1127.56,0,0,1.939829761732031e-05,0,0.02187274446138569
0,0,36,0,595,9,15,9,2,1,2,94.68,0,0,0.00022593702528676671,0,0.021391717554151073
16,1,43,0,2723,68,26,24,3,1,2,215.64,0,0,9.906113139826375e-05,0,0.021361542374721595
13,0,41,0,1725,31,28,10,3,1,2,182.24,0,0,0.00011648068050739454,0,0.021227439215667582
8,0,38,1,2163,32,16,11,4,1,1,94.875,0,0,0.00022326182844073267,0,0.021181965973314513
14,0,29,0,815,30,8,6,3,1,2,65.8,0,0,0.0003208286793551257,0,0.02111052710156727
4,0,34,0,2070,49,39,18,3,1,2,240.76,0,0,8.732881923179269e-05,0,0.021025286518246408
9,0,40,1,5978,98,12,14,3,1,1,291.04,0,0,7.203853887572127e-05,0,0.02096609635438992
18,0,32,0,1185,39,28,14,3,1,2,160.96,0,0,0.0001294667714766653,0,0.02083897153688405
5,0,6,1,4695,40,214,11,3,1,1,1045.4,0,0,1.9776517993536785e-05,0,0.020674371910443357
0,0,32,0,450,4,0,2,2,1,2,20.43,0,0,0.0010039016394344667,0,0.020509710493646156
13,0,22,0,1530,32,18,14,2,1,1,151.29,0,0,0.00013526542561020252,0,0.020464306240567536
9,0,40,2,2033,34,12,10,4,1,1,81.675,0,0,0.00024981083801050056,0,0.02040330019450763
5,0,40,0,415,10,7,2,3,1,2,45.0,0,0,0.0004533910979397575,0,0.02040259940728909
7,0,26,2,1440,34,189,8,3,2,1,814.96,0,0,2.4465304565067248e-05,0,0.019938244608347207
5,0,32,0,3938,56,0,29,1,1,1,219.67,0,0,8.995906958431952e-05,0,0.019761308815587467
16,0,39,1,4908,77,9,35,1,1,1,323.675,0,0,6.0943389102593796e-05,0,0.01972585146778205
0,0,4,0,4390,34,207,9,3,1,1,1004.96,0,0,1.941551782292031e-05,0,0.019511818791321994
10,0,34,0,1390,26,43,11,4,1,2,142.9,0,0,0.00013650606599666375,0,0.01950671683092325
8,0,37,1,4920,88,3,23,3,1,1,212.32,0,0,9.090831697436615e-05,0,0.019301653859997422
17,0,40,3,5275,87,33,34,3,1,1,346.48,0,0,5.556409837537709e-05,0,0.019251848805100655
5,0,39,0,5513,90,0,14,3,1,1,224.12,0,0,8.525780655937826e-05,0,0.019107979606087858
0,0,27,0,700,12,25,6,4,1,2,80.3,0,0,0.00023550175851346967,0,0.018910791208631615
4,0,38,0,3770,61,0,2,2,1,1,172.395,0,0,0.00010923065248362552,0,0.018830818334914623
9,0,26,0,820,27,1,15,2,1,1,42.615,0,0,0.00043405470794047975,0,0.018497241378883544
0,0,32,0,2345,15,0,9,3,1,1,94.4,0,0,0.00019384262133008813,0,0.01829874345356032
0,0,20,0,0,0,4,0,4,1,2,10.0,0,0,0.001820488176211692,0,0.01820488176211692
15,0,39,0,2948,65,16,17,3,1,2,184.52,0,0,9.77137734294802e-05,0,0.01803014547320769
8,0,36,0,2970,54,184,26,2,1,1,964.08,0,0,1.830955471903913e-05,0,0.017651875513531246
12,0,37,0,2363,52,7,14,3,1,2,124.6,0,0,0.00014152507575560487,0,0.017634024439148365
2,0,21,0,1568,33,22,67,4,1,1,95.025,0,0,0.00018515683861425498,0,0.01759452858931958
6,0,9,3,4990,50,236,25,3,1,1,1145.6,0,0,1.5326015286626442e-05,0,0.01755748311235925
12,0,25,1,1470,35,21,13,2,1,1,162.225,0,0,0.00010812910882804004,0,0.017541244679628795
10,0,45,0,1440,30,22,19,3,1,2,146.8,0,0,0.00011925585293364062,0,0.017506759210658446
3,0,36,0,1780,50,70,24,4,1,2,220.75,0,0,7.914069384928038e-05,0,0.017470308167228644
7,0,33,0,6638,73,98,33,2,1,1,742.995,0,0,2.3042533829400014e-05,0,0.017120487422575062
2,0,37,0,1065,15,9,14,2,1,2,89.1,0,0,0.00019182165851834446,0,0.01709130977398449
7,0,33,0,1130,22,36,6,4,1,2,118.8,0,0,0.00014383406921980056,0,0.017087487423312307
0,0,21,0,0,0,3,0,4,1,2,7.5,0,0,0.002274126774115007,0,0.01705595080586255
3,0,39,0,1848,33,11,11,3,1,1,119.24,0,0,0.00014281770617129424,0,0.017029583283865123
26,1,37,3,15545,230,55,30,3,1,1,851.0,0,0,1.9961559514345494e-05,0,0.016987287146708014
15,0,29,2,2583,56,45,70,5,1,1,107.085,0,0,0.00015827680716136945,0,0.016949071894875246
11,0,13,3,3157,45,30,20,3,1,1,248.08,0,0,6.789044470203667e-05,0,0.016842261521681258
10,0,36,1,6143,99,7,10,3,1,1,277.68,0,0,6.048831992641774e-05,0,0.016796396677167678
5,0,32,0,1085,20,36,9,4,1,2,117.625,0,0,0.00014229093749555576,0,0.016736971522914746
2,0,38,0,710,14,13,8,3,1,2,80.96,0,0,0.00020463583957764931,0,0.01656731757220649
20,0,40,4,4680,98,60,45,3,1,1,431.12,0,0,3.837398772459282e-05,0,0.016543793587826455
26,0,37,8,10625,93,7,40,4,1,1,285.45,0,0,5.761558132433637e-05,0,0.016446367689031814
15,0,39,2,7213,82,124,42,2,1,1,886.275,0,0,1.854580379464227e-05,0,0.01643668225809658
14,1,40,0,2543,60,15,19,3,1,2,164.12,0,0,9.924668941157961e-05,0,0.016288366666228446
5,0,27,0,1015,10,7,2,4,1,2,43.125,0,0,0.00037023594866094804,0,0.015966425286003384
10,0,22,2,2060,35,40,18,3,1,1,243.8,0,0,6.48209716157595e-05,0,0.015803352879922166
21,0,41,2,5213,83,16,37,1,1,1,379.28,0,0,4.1660372391339225e-05,0,0.01580094604058714
10,0,40,0,2150,58,56,27,3,1,2,312.32,0,0,5.039047100654143e-05,0,0.015737951904763018
6,0,18,2,2295,36,49,29,2,1,1,325.395,0,0,4.791060560066998e-05,0,0.015589871509430007
0,0,37,0,5208,84,0,12,2,1,1,238.14,0,0,6.54311844614253e-05,0,0.015581782267643821
13,0,27,1,1340,37,17,12,2,1,1,138.465,0,0,0.00011238905717435806,0,0.01556195080164749
0,0,7,0,3895,33,199,5,3,1,1,953.12,0,0,1.6241280226660225e-05,0,0.015479889009634394
10,0,34,1,3005,57,172,21,2,1,1,911.79,0,0,1.6943386934376247e-05,0,0.015448810772894917
9,0,35,1,2905,51,171,20,2,1,1,902.52,0,0,1.7058756532641124e-05,0,0.015395868945839266
6,0,32,2,6910,95,10,19,5,1,1,120.075,0,0,0.0001279629971086496,0,0.015365156877821102
0,0,31,0,1825,5,0,12,3,1,1,73.2,0,0,0.00020986546341984595,0,0.015362151922332725
10,0,35,1,4820,83,1,26,3,1,1,200.12,0,0,7.664229104427213e-05,0,0.015337655283779738
7,0,35,0,2058,46,0,12,3,1,2,84.16,0,0,0.0001784135512044676,0,0.015015284469367993
7,0,34,0,4290,69,0,13,2,1,1,196.155,0,0,7.635824339739061e-05,0,0.014978051233615156
14,1,39,0,2428,54,7,15,3,1,2,127.28,0,0,0.00011667679591776619,0,0.01485062258441328
3,0,34,0,2665,48,177,24,2,1,1,918.585,0,0,1.586697918612796e-05,0,0.014575169075689353
0,0,35,0,815,11,0,9,2,1,2,37.17,0,0,0.00038929079915087827,0,0.014469939004438145
0,0,32,0,1588,23,0,2,3,1,1,64.44,0,0,0.0002244989241874599,0,0.014466710674639916
5,0,29,1,6830,93,7,18,5,1,1,114.345,0,0,0.00012572202222007326,0,0.014375684630754277
3,0,34,0,2720,50,170,21,2,1,1,889.65,0,0,1.6088086005946477e-05,0,0.014312765715190284
14,1,41,0,2658,66,47,23,4,1,2,185.6,0,0,7.70637518269483e-05,0,0.014303032339081605
1,0,14,0,1615,24,18,10,2,1,1,154.755,0,0,9.147295211937799e-05,0,0.01415589670523434
2,0,31,0,1933,42,0,14,3,1,2,79.0,0,0,0.00017893990062813856,0,0.014136252149622946
7,0,35,0,3185,58,176,21,2,1,1,937.935,0,0,1.4971625481436076e-05,0,0.014042411545930744
0,0,35,0,760,9,2,12,2,1,2,43.605,0,0,0.00032073085131374246,0,0.013985468771535739
0,0,34,0,1875,37,147,6,2,1,1,747.54,0,0,1.8446942169359907e-05,0,0.013789827149283304
4,0,30,0,1523,43,38,72,4,1,1,134.15,0,0,0.00010259097581382707,0,0.013762579405424902
2,0,35,0,2073,30,1,4,3,1,1,88.12,0,0,0.00015609077655598727,0,0.013754719230113599
5,0,35,1,305,6,7,2,5,1,1,15.165,0,0,0.0009000653037131444,0,0.013649490330809835
3,0,33,1,643,4,3,3,5,1,1,14.205,0,0,0.0009600656240252583,0,0.013637732189278794
0,0,43,0,273,9,15,8,2,1,2,80.19,0,0,0.0001698789698821961,0,0.013622594594853306
4,0,39,0,1745,46,48,24,3,1,2,263.64,0,0,5.086310764864933e-05,0,0.013409549700489909
0,0,37,0,213,6,8,5,5,1,1,15.285,0,0,0.0008772505802782811,0,0.013408775119553528
11,0,29,0,1840,27,36,5,4,1,2,136.675,0,0,9.739411077513446e-05,0,0.013311340090191503
9,0,34,0,2283,50,7,13,3,1,2,121.32,0,0,0.0001088464442016201,0,0.01320525061054055
0,0,38,0,110,4,0,1,2,1,2,5.13,0,0,0.0025603614207692755,0,0.013134654088546383
3,0,32,0,4110,61,0,11,2,1,1,187.695,0,0,6.997822067733816e-05,0,0.013134562130032987
0,0,33,0,795,12,0,7,2,1,2,36.315,0,0,0.00036158044306713655,0,0.013130793789983063
0,0,33,0,1170,37,22,15,3,1,2,136.28,0,0,9.62808937077646e-05,0,0.01312116019449416
8,0,35,0,4018,58,0,30,1,1,1,224.18,0,0,5.8266572809083376e-05,0,0.013062200292340311
2,0,10,1,2468,37,14,13,3,1,1,156.2,0,0,8.348924450556202e-05,0,0.013041019991768788
0,0,31,0,2088,46,0,30,1,1,1,117.37,0,0,0.00011100980090955586,0,0.013029220332754572
17,0,39,2,3795,70,190,25,2,1,1,1028.925,0,0,1.2631634129082652e-05,0,0.012997004146266367
15,0,28,2,1645,44,58,19,2,1,1,337.005,0,0,3.8357034421766577e-05,0,0.012926512385307445
5,0,38,0,1638,44,0,2,3,1,2,67.28,0,0,0.00019168969994253843,0,0.012896883012133986
14,0,29,1,760,28,15,9,3,1,1,91.52,0,0,0.00014057563084359675,0,0.012865481734805975
5,0,34,0,2033,48,320,18,2,1,1,1533.645,0,0,8.36786717187444e-06,0,0.012833337648809374
0,0,12,0,1310,18,11,8,2,1,1,109.26,0,0,0.00011734639850960419,0,0.012821267501159354
1,0,39,0,305,9,0,10,3,1,2,12.56,0,0,0.0010188805914513998,0,0.012797140228629583
2,0,29,0,3180,65,16,27,3,1,1,193.8,0,0,6.558394862701731e-05,0,0.012710169243915955
0,0,7,0,4275,35,217,11,3,1,1,1040.4,0,0,1.207353993058504e-05,0,0.012561310943780676
0,0,29,0,2355,8,0,7,3,1,1,94.52,0,0,0.00013285994991999082,0,0.012557922466437532
1,0,9,1,2547,33,16,16,3,1,1,167.2,0,0,7.482738027138089e-05,0,0.012511137981374884
0,0,27,0,1100,28,16,12,3,1,2,109.12,0,0,0.00011448500850985097,0,0.01249260412859494
14,1,17,1,6148,138,83,42,1,2,1,802.23,0,0,1.5435961542801036e-05,0,0.012383191428481275
11,0,38,1,3085,59,182,25,2,1,1,960.48,0,0,1.286380561757628e-05,0,0.012355428019569665
7,0,29,2,1430,41,191,10,3,2,1,822.84,0,0,1.50073392027647e-05,0,0.012348638989602905
5,0,40,0,1665,50,46,21,4,1,2,157.875,0,0,7.806986916584359e-05,0,0.012325280594557557
0,0,34,0,1173,18,0,1,3,1,1,47.64,0,0,0.0002579312070708165,0,0.012287842704853696
0,0,34,0,5553,86,0,8,2,1,1,253.755,0,0,4.820365185479489e-05,0,0.012231917676413477
15,0,26,0,1415,32,7,11,2,1,1,96.615,0,0,0.00012650792075465114,0,0.012222562763710618
0,0,34,0,2595,19,0,14,3,1,1,104.56,0,0,0.00011496261282429099,0,0.012020490796907866
17,0,32,2,1530,44,34,16,2,1,1,223.83,0,0,5.311547170000076e-05,0,0.01188883603061117
9,0,40,0,1205,21,29,13,3,1,2,165.04,0,0,7.164788370282614e-05,0,0.011824766726314426
15,0,36,1,4000,86,29,26,3,1,1,279.44,0,0,4.2117511619935e-05,0,0.011769317447074636
9,0,38,1,2840,56,180,25,2,1,1,940.32,0,0,1.2497271720139165e-05,0,0.011751434543881261
9,0,37,0,2123,48,0,13,3,1,2,86.84,0,0,0.00013395808673102774,0,0.011632920251722448
8,0,39,1,3325,36,18,21,3,1,1,206.44,0,0,5.6108252852238685e-05,0,0.011582987718816154
12,0,41,3,4935,95,41,31,4,1,1,228.25,0,0,5.0114529885201026e-05,0,0.011438641446297134
11,0,39,2,2030,53,50,24,4,1,1,177.075,0,0,6.437138265225667e-05,0,0.011398562583148348
4,0,33,0,3290,68,14,21,2,1,1,214.11,0,0,5.302108569116926e-05,0,0.011352344657336252
0,0,7,0,4085,34,208,8,3,1,1,996.76,0,0,1.1363905037282267e-05,0,0.011327085984961472
0,0,32,0,325,6,0,2,2,1,2,14.895,0,0,0.0007604498509866017,0,0.011326900530445431
3,0,32,0,1968,46,341,17,2,1,1,1625.13,0,0,6.946661284046037e-06,0,0.011289227652541737
5,0,32,0,2700,51,165,19,2,1,1,866.295,0,0,1.296686904404997e-05,0,0.011233133818515269
0,0,30,0,1180,30,20,13,3,1,2,128.4,0,0,8.725821868419736e-05,0,0.011203955279050942
7,0,42,2,2053,33,17,12,4,1,1,94.65,0,0,0.00011791031309301106,0,0.011160211134253497
7,0,39,0,1370,21,16,16,2,1,2,134.595,0,0,8.209511590121212e-05,0,0.011049592124723645
0,0,32,0,1975,31,268,12,3,1,1,1152.24,0,0,9.573564591146861e-06,0,0.01103104406450306
7,0,40,0,1015,20,20,10,3,1,2,121.4,0,0,9.051262605768809e-05,0,0.010988232803403334
0,0,36,0,5423,88,0,7,2,1,1,247.995,0,0,4.4183835771645495e-05,0,0.010957370352189225
2,0,34,0,3833,57,0,31,2,1,1,175.05,0,0,6.210778822890709e-05,0,0.010871968329470186
10,0,32,2,1953,47,47,74,5,1,1,100.5,0,0,0.00010770478994369891,0,0.01082433138934174
0,0,13,0,1210,12,10,7,2,1,1,99.99,0,0,0.00010770205814463607,0,0.01076912879388216
0,0,26,0,635,9,12,1,4,1,2,46.1,0,0,0.0002287916828927085,0,0.010547296581353862
13,0,43,0,2230,60,60,28,4,1,2,207.25,0,0,5.0874926988735285e-05,0,0.010543828618415388
6,1,36,0,2123,49,10,18,3,1,2,126.88,0,0,8.22484849761244e-05,0,0.010435687773770663
0,0,38,0,750,16,4,14,2,1,2,52.47,0,0,0.0001967671121155246,0,0.010324370372701576
0,0,36,0,215,7,0,3,2,1,2,9.99,0,0,0.0010330238929249862,0,0.010319908690320612
8,0,12,3,2898,41,23,15,3,1,1,209.56,0,0,4.877053772389459e-05,0,0.01022035388541935
7,0,19,0,1885,26,7,12,2,1,1,117.495,0,0,8.643346834795274e-05,0,0.010155500363542708
4,0,35,0,1818,42,0,11,3,1,2,74.4,0,0,0.00013483242116466492,0,0.01003153213465107
1,0,35,0,1553,19,0,2,3,1,1,62.88,0,0,0.00015821840687933655,0,0.009948773424572682
3,0,23,0,1130,10,20,4,4,1,2,78.5,0,0,0.00012562405644547773,0,0.009861488430970003
0,0,28,0,1360,32,23,17,3,1,2,147.68,0,0,6.619161563320177e-05,0,0.009775177796711238
12,0,35,1,6943,79,105,35,2,1,1,788.49,0,0,1.2288276112901065e-05,0,0.009689182832261362
27,1,34,3,16255,246,11,85,2,1,1,792.045,0,0,1.221676168501287e-05,0,0.009676225008806017
24,0,33,8,10740,93,0,43,4,1,1,270.825,0,0,3.5332970914512484e-05,0,0.009569051847922843
0,0,34,0,345,5,1,4,2,1,2,20.25,0,0,0.00046953742168118646,0,0.009508132789044025
8,0,25,1,1540,40,190,9,3,2,1,823.2,0,0,1.1547246148832148e-05,0,0.009505693029718624
5,0,34,1,3075,57,189,36,2,1,1,991.44,0,0,9.525762569068197e-06,0,0.009444222041476973
0,0,35,0,958,14,0,6,3,1,1,38.88,0,0,0.00024281607663288832,0,0.009440689059486699
0,0,33,0,1908,44,0,26,1,1,1,107.36,0,0,8.72184263691563e-05,0,0.00936377025499262
5,0,40,0,2065,35,271,5,3,1,1,1168.0,0,0,7.924147165259177e-06,0,0.009255403889022719
4,0,38,0,2360,39,285,18,3,1,1,1235.96,0,0,7.464126992378921e-06,0,0.009225362397500651
0,0,38,0,470,9,0,13,2,1,2,21.555,0,0,0.0004253923151476603,0,0.009169331353007818
0,0,6,0,3375,23,183,8,3,1,1,867.92,0,0,1.0546085529265762e-05,0,0.00915315855256034
9,0,29,2,1988,51,69,74,5,1,1,134.085,0,0,6.817122147373713e-05,0,0.009140738231306044
11,0,34,1,7023,75,107,38,2,1,1,800.91,0,0,1.139140849400803e-05,0,0.009123492976935972
3,0,31,0,3893,54,0,32,1,1,1,217.085,0,0,4.183845055275289e-05,0,0.009082500038244361
13,0,12,3,5405,57,230,12,3,1,1,1138.48,0,0,7.93451286661705e-06,0,0.009033284208386179
6,0,35,0,2665,47,143,19,2,1,1,765.54,0,0,1.1758652655657408e-05,0,0.009001718954011972
31,1,32,4,16785,249,8,80,2,1,1,802.53,0,0,1.1211291430048096e-05,0,0.008997397711356499
8,0,28,0,575,27,14,10,2,1,2,90.09,0,0,9.905452836949044e-05,0,0.008923822460807394
1,0,36,0,1005,18,27,21,2,1,2,167.535,0,0,5.302446049890596e-05,0,0.00888345298968421
3,0,34,0,6298,63,69,31,2,1,1,596.745,0,0,1.4717426623761702e-05,0,0.008782550750596677
6,0,36,0,2780,53,175,23,2,1,1,914.985,0,0,9.516406607853903e-06,0,0.008707369300087205
7,0,44,0,803,19,25,11,3,1,2,132.88,0,0,6.54349232015186e-05,0,0.00869499259501779
7,0,37,0,6323,100,8,10,2,1,1,325.035,0,0,2.6746357948267694e-05,0,0.00869350245571519
14,0,36,1,4423,70,7,33,2,1,1,233.685,0,0,3.7091618652325645e-05,0,0.008667754904768718
0,0,25,0,635,10,46,5,4,1,2,131.125,0,0,6.595868081419776e-05,0,0.008648832021761681
10,0,40,1,6898,83,119,42,2,1,1,849.645,0,0,1.0145400737251676e-05,0,0.008619989009402201
13,0,38,1,6908,75,83,35,2,1,1,687.735,0,0,1.2460582681548364e-05,0,0.008569578830494664
0,0,12,0,1435,16,13,8,2,1,1,123.795,0,0,6.757787079349351e-05,0,0.00836580251488053
7,0,28,0,920,32,20,12,2,1,1,132.84,0,0,6.275666022104134e-05,0,0.008336594743763132
12,0,35,0,2543,54,7,18,3,1,2,131.88,0,0,6.3036779459738e-05,0,0.008313290475150248
1,0,32,0,1485,36,27,15,3,1,2,168.84,0,0,4.9071947303866506e-05,0,0.00828530758278482
9,0,40,1,2665,45,292,20,3,1,1,1276.4,0,0,6.481407741863406e-06,0,0.00827286884171445
0,0,39,0,1363,25,1,5,4,1,1,37.2,0,0,0.0002211628531176226,0,0.00822725813597556
3,0,34,0,3030,23,9,17,3,1,1,158.12,0,0,5.181082414131634e-05,0,0.008192327513224941
0,0,33,0,710,8,5,7,2,1,2,54.81,0,0,0.0001492689856505028,0,0.008181433103504058
11,0,37,0,3660,76,0,24,2,1,1,168.12,0,0,4.863618422370119e-05,0,0.008176715291688643
10,0,37,0,4083,60,0,31,1,1,1,227.865,0,0,3.5491001577016034e-05,0,0.008087157074346759
14,0,23,1,1450,36,16,11,2,1,1,138.87,0,0,5.821820022613558e-05,0,0.008084761465403448
10,0,42,2,1075,23,25,12,3,1,1,143.92,0,0,5.616348312703326e-05,0,0.008083048491642625
17,0,39,2,4485,93,40,28,3,1,1,343.12,0,0,2.3329956980431693e-05,0,0.008004974839125724
0,0,22,0,1203,30,18,64,4,1,1,75.825,0,0,0.00010495109655969579,0,0.007957916896638934
11,0,38,3,5115,93,23,40,3,1,1,300.32,0,0,2.6296700848599896e-05,0,0.00789742519885152
0,0,24,0,300,19,161,9,2,2,1,738.855,0,0,1.0675076949020888e-05,0,0.007887333979168827
11,0,11,4,5295,56,243,27,3,2,1,1186.04,0,0,6.630187687426722e-06,0,0.007863667804795589
10,0,37,1,6963,78,110,37,2,1,1,811.845,0,0,9.626058948001576e-06,0,0.00781486782664034
0,0,36,0,760,8,0,7,2,1,2,34.56,0,0,0.0002260474691836896,0,0.007812200534988313
9,0,39,1,3285,27,458,6,3,1,1,1964.48,0,0,3.966936307812972e-06,0,0.007792967037972427
3,0,25,2,1610,40,207,24,2,2,1,1005.75,0,0,7.724996096995166e-06,0,0.007769414824552888
1,0,36,0,2300,36,280,16,3,1,1,1213.44,0,0,6.369751547354815e-06,0,0.007729311317622228
0,0,34,0,318,4,0,3,2,1,2,14.49,0,0,0.0005307138852535584,0,0.007690044197324062
5,0,37,0,1120,17,7,11,2,1,2,82.665,0,0,9.280806441724963e-05,0,0.007671978645051942
1,0,33,0,2360,41,136,17,2,1,1,720.045,0,0,1.0580501972861136e-05,0,0.007618437543048796
9,0,29,2,1620,42,200,13,3,2,1,866.48,0,0,8.753103270370297e-06,0,0.0075843889217104546
7,0,33,0,1890,48,35,18,3,1,2,217.52,0,0,3.4689763502295146e-05,0,0.00754571735701924
17,0,33,0,1085,33,27,13,3,1,2,152.72,0,0,4.9080355715152515e-05,0,0.007495551924818092
8,0,38,0,6108,96,16,15,3,1,1,312.16,0,0,2.4004177960167547e-05,0,0.007493144192045902
0,0,36,0,2190,11,455,5,3,1,1,1908.04,0,0,3.913971918948796e-06,0,0.00746801498023106
9,0,28,0,1730,26,49,20,4,1,2,166.4,0,0,4.4784674960583766e-05,0,0.0074521699134411385
3,0,8,1,4795,45,216,8,3,1,1,1057.6,0,0,7.034939496638726e-06,0,0.007440152011645116
5,0,35,0,3778,54,0,29,1,1,1,210.76,0,0,3.526076307276675e-05,0,0.00743155842521632
1,0,16,1,1990,30,42,27,2,1,1,279.9,0,0,2.6549080527900648e-05,0,0.007431087639759391
2,0,8,0,4275,34,183,6,3,1,1,904.36,0,0,8.086548037956501e-06,0,0.007313150583606341
0,0,23,0,0,0,10,0,4,1,2,25.0,0,0,0.00028818120480218176,0,0.007204530120054544
12,1,35,4,7675,127,279,33,3,2,1,1428.08,0,0,5.022289426987692e-06,0,0.007172231084892583
0,0,29,0,2840,16,0,13,3,1,1,114.24,0,0,6.207529773875951e-05,0,0.0070914820136758865
8,0,30,0,395,25,11,6,3,1,2,60.8,0,0,0.00011570562917215503,0,0.007034902253667025
5,0,38,0,1065,14,7,9,2,1,2,80.055,0,0,8.6673760298517e-05,0,0.006938667880697779
11,0,42,2,3405,38,22,22,4,1,1,141.075,0,0,4.913502574640373e-05,0,0.006931723757173906
0,0,22,0,0,0,11,0,4,1,2,27.5,0,0,0.0002517437554660242,0,0.006922953275315665
5,0,45,0,578,15,22,10,3,1,2,111.72,0,0,6.172444002815825e-05,0,0.006895854439945839
11,0,28,1,2063,46,46,73,5,1,1,100.635,0,0,6.705976747683882e-05,0,0.0067485597000316744
0,0,35,0,2435,17,0,16,3,1,1,98.08,0,0,6.874995957552807e-05,0,0.006742996035167793
11,0,44,2,2233,41,22,14,4,1,1,111.85,0,0,6.0268027897719155e-05,0,0.006740978920359887
3,0,31,0,6458,65,93,31,2,1,1,712.035,0,0,9.429632360651399e-06,0,0.006714228277916418
15,0,42,2,7203,89,126,44,2,1,1,895.14,0,0,7.43676436968847e-06,0,0.006656945257882937
9,0,32,1,1828,49,45,74,5,1,1,95.655,0,0,6.938333246983288e-05,0,0.006636862667401864
14,0,17,4,3562,56,39,19,3,2,1,300.72,0,0,2.1993781239211538e-05,0,0.006613969894255695
2,0,29,0,1005,18,32,8,4,1,2,105.575,0,0,6.263122662325628e-05,0,0.006612291750750282
0,0,20,0,0,0,6,0,4,1,2,15.0,0,0,0.00043904882978897537,0,0.0065857324468346305
32,1,36,4,16560,252,18,87,2,2,1,837.54,0,0,7.847032800981293e-06,0,0.006572203852133872
5,0,23,1,1360,32,185,7,2,2,1,895.14,0,0,7.281113905090683e-06,0,0.006517616301002874
9,0,38,1,2895,58,173,22,2,1,1,911.385,0,0,7.145283085987751e-06,0,0.006512103825322946
0,0,35,0,1223,37,0,15,3,1,2,50.4,0,0,0.00012859743909894147,0,0.00648131093058665
0,0,28,0,2455,14,0,8,3,1,1,98.76,0,0,6.53345729917397e-05,0,0.006452442428664214
0,0,27,0,715,26,172,1,2,2,1,807.345,0,0,7.968614593445903e-06,0,0.006433421148945582
6,0,16,1,1920,30,25,12,2,1,1,200.25,0,0,3.2101378966283176e-05,0,0.006428301137998206
1,0,36,0,5613,89,0,10,2,1,1,256.59,0,0,2.491749379179357e-05,0,0.006393579732036311
4,0,38,0,900,15,22,11,3,1,2,124.6,0,0,5.1268653005105546e-05,0,0.006388074164436151
5,0,9,1,4635,43,217,10,3,1,1,1055.12,0,0,6.044431881251993e-06,0,0.006377600966546602
11,0,43,1,2845,53,303,25,3,1,1,1327.92,0,0,4.784761357092087e-06,0,0.006353780301309724
0,0,35,0,1973,46,0,27,1,1,1,111.045,0,0,5.706162668485925e-05,0,0.006336408335220195
11,0,26,0,585,19,0,3,2,1,2,27.18,0,0,0.0002312586002515297,0,0.006285608754836577
0,0,30,0,1283,17,0,5,3,1,1,52.0,0,0,0.0001203911478995786,0,0.006260339690778088
6,0,35,0,2698,58,1,34,1,1,1,157.08,0,0,3.9824084404100405e-05,0,0.0062555671781960925
8,0,36,0,3660,77,34,29,2,1,1,321.165,0,0,1.943913597553285e-05,0,0.0062431701055820086
12,0,31,0,780,27,20,11,3,1,2,112.28,0,0,5.5435215349491075e-05,0,0.006224265979440858
3,0,35,0,6413,69,101,35,2,1,1,746.19,0,0,8.33181258590917e-06,0,0.006217115233479563
1,0,33,0,2725,16,0,10,3,1,1,109.64,0,0,5.638209890075068e-05,0,0.006181733323478304
30,1,37,4,16335,248,15,86,2,1,1,813.735,0,0,7.580578721661145e-06,0,0.006168582226070932
0,0,30,0,2760,20,0,10,3,1,1,111.2,0,0,5.5408181863842205e-05,0,0.006161389823259253
0,0,13,0,1695,20,20,13,2,1,1,167.175,0,0,3.669967493430605e-05,0,0.006135268157142614
0,0,33,0,1875,25,267,11,3,1,1,1144.0,0,0,5.3524771564114926e-06,0,0.006123233866934748
8,0,10,2,5100,51,223,10,3,1,1,1098.04,0,0,5.570406802080797e-06,0,0.006116529484956798
3,0,36,0,5858,92,2,10,2,1,1,276.75,0,0,2.2031525847566536e-05,0,0.006097224778314039
5,0,35,0,6658,72,103,35,2,1,1,766.35,0,0,7.943579959144408e-06,0,0.006087562501690317
1,0,30,0,2520,43,160,17,2,1,1,835.335,0,0,7.251713142460244e-06,0,0.006057609797857028
0,0,36,0,165,3,0,11,2,1,2,7.56,0,0,0.000798614973921401,0,0.006037529202845791
12,0,37,1,3490,64,183,23,2,1,1,983.43,0,0,6.108375213812701e-06,0,0.0060071594365198235
9,0,41,0,1223,21,35,21,3,1,2,189.76,0,0,3.157873428181816e-05,0,0.0059923806173178135
10,0,28,2,2025,47,201,11,3,2,1,886.88,0,0,6.706215528724539e-06,0,0.0059476084281152196
16,0,40,0,2733,61,24,22,3,1,2,207.76,0,0,2.8365793936611645e-05,0,0.005893277348270435
6,0,35,0,3355,70,0,22,2,1,1,154.125,0,0,3.798973983129705e-05,0,0.005855168651498657
1,0,11,2,2368,31,13,12,3,1,1,147.96,0,0,3.9461754880915014e-05,0,0.005838761252180186
9,0,33,2,1575,46,208,17,3,2,1,896.84,0,0,6.4996711260779e-06,0,0.005829165052711705
3,0,35,0,1665,44,38,20,3,1,2,220.36,0,0,2.6403935755398825e-05,0,0.005818371283059685
0,0,24,0,0,0,5,0,4,1,2,12.5,0,0,0.0004634432240511329,0,0.005793040300639161
0,0,36,0,1478,24,0,3,3,1,1,60.08,0,0,9.636993917864097e-05,0,0.005789905945852749
3,0,28,0,940,15,19,2,4,1,2,71.375,0,0,8.040121961707475e-05,0,0.00573863705016871
0,0,35,0,380,7,0,6,2,1,2,17.415,0,0,0.00032842383730283156,0,0.005719501126628812
3,0,17,0,2100,31,29,12,2,1,1,226.395,0,0,2.5129145667698115e-05,0,0.0056891129334385145
0,0,8,0,3680,29,190,10,3,1,1,908.36,0,0,6.1972453831025246e-06,0,0.005629329816195009
0,0,25,0,1010,30,186,9,2,2,1,883.8,0,0,6.297358874644599e-06,0,0.005565605773410896
6,0,26,0,1758,40,39,71,4,1,1,142.45,0,0,3.892242235498258e-05,0,0.005544499064467269
12,0,28,0,1405,40,30,18,2,1,1,200.025,0,0,2.736165068309748e-05,0,0.0054730141778865735
7,0,10,1,4580,40,190,8,3,1,1,944.8,0,0,5.792270543594311e-06,0,0.005472537209587905
10,0,38,0,4560,72,14,20,3,1,1,241.28,0,0,2.239162927141244e-05,0,0.005402652310606394
31,1,39,4,15850,236,62,32,3,1,1,891.44,0,0,6.023788511799081e-06,0,0.005369846030958173
0,0,39,0,128,4,0,1,2,1,2,5.94,0,0,0.0009025371460227499,0,0.005361070647375135
10,0,39,2,3805,38,491,8,3,1,1,2117.72,0,0,2.5295687667930116e-06,0,0.005356918368812896
14,0,22,5,3238,53,48,25,3,2,1,323.64,0,0,1.646747501442682e-05,0,0.005329533613669096
0,0,7,0,3485,24,187,21,3,1,1,888.36,0,0,5.973819720088071e-06,0,0.0053069024865374384
9,0,35,1,2748,64,373,37,2,1,1,1805.04,0,0,2.9336344730273818e-06,0,0.005295327569193345
20,0,41,0,3253,71,23,19,4,1,2,140.6,0,0,3.7616019783848564e-05,0,0.0052888123816091075
12,0,37,1,4180,87,33,26,3,1,1,302.68,0,0,1.7355876337732953e-05,0,0.00525327664990501
6,0,31,1,1568,45,38,69,5,1,1,81.195,0,0,6.445581359768136e-05,0,0.005233489785063738
9,0,34,0,4118,64,0,31,1,1,1,230.01,0,0,2.2716812160766964e-05,0,0.005225093965098009
9,0,37,1,6043,93,7,9,3,1,1,273.44,0,0,1.908161148073756e-05,0,0.005217675843292879
3,0,41,0,433,10,5,3,3,1,2,37.72,0,0,0.0001380310884157389,0,0.005206532655041671
7,0,38,0,2485,49,161,10,2,1,1,838.53,0,0,6.160907392932947e-06,0,0.005166105676196064
6,0,32,1,2825,49,167,19,2,1,1,880.83,0,0,5.863854834065975e-06,0,0.0051650592534903325
0,0,33,0,760,28,10,3,3,1,2,71.52,0,0,7.206847541370164e-05,0,0.005154337361587941
1,0,34,0,2840,22,0,14,3,1,1,114.48,0,0,4.4870555030997375e-05,0,0.00513678113994858
5,0,38,2,643,10,11,4,5,1,1,26.295,0,0,0.00019370659298711477,0,0.005093514862596183
0,0,35,0,2070,42,150,23,2,1,1,770.04,0,0,6.613476850069472e-06,0,0.005092641713627496
14,0,40,0,2543,60,15,19,3,1,2,164.12,0,0,3.0845241474276244e-05,0,0.005062321030758217
25,1,31,3,16075,238,0,80,2,1,1,734.085,0,0,6.8910267947329175e-06,0,0.005058599404611514
0,0,31,0,615,4,0,5,2,1,2,27.855,0,0,0.00018153061215852765,0,0.005056535201675788
10,0,28,0,295,20,0,9,3,1,2,12.6,0,0,0.00039815026277880447,0,0.005016693311012936
4,0,23,1,1695,32,36,15,3,1,1,213.08,0,0,2.3243553091844396e-05,0,0.004952736292810204
0,0,36,1,338,4,4,2,5,1,1,11.13,0,0,0.00044169428405765534,0,0.004916057381561705
7,1,38,4,7045,118,281,37,2,2,1,1586.835,0,0,3.0976979796388365e-06,0,0.0049155355735201935
0,0,35,0,3183,49,0,33,1,1,1,177.76,0,0,2.757852175422782e-05,0,0.0049023580270315375
5,0,37,0,4008,66,26,37,1,1,1,367.07,0,0,1.325630077234586e-05,0,0.004865990324504995
3,0,38,2,453,9,2,1,5,1,1,9.93,0,0,0.0004860207277951622,0,0.0048261858270059604
15,0,41,2,3375,56,300,20,4,1,1,835.775,0,0,5.762902546894056e-06,0,0.004816489876130379
17,0,46,3,5080,99,24,33,4,1,1,189.475,0,0,2.51477891945898e-05,0,0.004764877357644902
12,0,40,1,2298,57,13,19,3,1,1,146.2,0,0,3.252340552083205e-05,0,0.004754921887145646
5,0,33,0,4515,77,0,24,3,1,1,183.68,0,0,2.586728346245245e-05,0,0.004751302626383266
2,0,39,0,825,20,45,12,3,1,2,213.8,0,0,2.207727762779622e-05,0,0.004720121956822832
7,0,37,0,3908,82,7,26,2,1,1,211.05,0,0,2.2331993107388938e-05,0,0.004713167145314436
15,0,27,1,1530,38,26,15,2,1,1,187.56,0,0,2.5124031709001576e-05,0,0.0047122633873403355
0,0,34,0,5485,69,154,24,3,1,1,838.16,0,0,5.594589244837099e-06,0,0.004689160921452663
12,0,38,2,4970,81,26,32,3,1,1,306.04,0,0,1.5237865664997521e-05,0,0.004663396408115842
0,0,32,0,1303,16,0,2,3,1,1,52.76,0,0,8.794879606854446e-05,0,0.004640178480576406
0,0,27,0,420,5,3,5,4,1,2,18.125,0,0,0.00025449399903049055,0,0.004612703732427641
6,0,26,0,510,25,35,9,3,1,2,161.4,0,0,2.8096545730961303e-05,0,0.004534782480977154
0,0,30,0,3633,50,0,27,1,1,1,202.565,0,0,2.2274540958166795e-05,0,0.004512042389191057
0,0,36,1,93,1,2,2,5,1,1,4.41,0,0,0.001014851675976451,0,0.004475495891056149
5,0,35,0,6603,70,110,38,2,1,1,795.285,0,0,5.619046334273276e-06,0,0.004468743263952522
0,0,34,0,1438,43,327,22,2,1,1,1538.145,0,0,2.88172634937876e-06,0,0.004432512975665193
12,0,30,2,1933,48,42,72,5,1,1,92.715,0,0,4.765078142881407e-05,0,0.004417942200172497
0,0,33,0,510,5,0,7,2,1,2,23.175,0,0,0.00019063219667099957,0,0.004417901157850415
6,0,33,0,4370,65,0,16,2,1,1,199.575,0,0,2.208887412925246e-05,0,0.00440838705434556
4,0,32,0,3813,58,0,29,1,1,1,212.905,0,0,2.070435204988449e-05,0,0.004408060073180658
34,1,40,6,16045,241,82,49,3,2,1,979.44,0,0,4.4918032329141804e-06,0,0.004399451758445465
20,0,34,9,10730,97,15,55,4,1,1,308.175,0,0,1.4247600641314083e-05,0,0.004390754327636968
6,0,37,2,3260,34,39,20,4,1,1,179.85,0,0,2.4254087505796712e-05,0,0.004362097637917539
0,0,34,0,2650,21,0,11,3,1,1,106.84,0,0,4.038460695373339e-05,0,0.0043146914069368755
3,0,30,0,2148,48,344,21,2,1,1,1646.82,0,0,2.5882103800402468e-06,0,0.004262316618057879
8,0,40,3,703,13,16,6,5,1,1,34.74,0,0,0.0001225673270572174,0,0.004257988941967733
14,0,35,3,1880,52,215,19,3,2,1,937.28,0,0,4.469121563661008e-06,0,0.0041888182591881895
5,0,26,1,1720,41,194,9,2,2,1,952.245,0,0,4.318432262275985e-06,0,0.004112205529590995
2,0,23,0,1388,31,19,63,4,1,1,82.975,0,0,4.9400247121441455e-05,0,0.004098985504901604
22,0,35,8,10840,98,2,40,4,1,1,278.45,0,0,1.4656369221089398e-05,0,0.0040810660096123426
4,0,9,1,4580,41,224,13,3,1,1,1080.84,0,0,3.7699177638369175e-06,0,0.004074677915865493
12,0,31,3,1680,45,205,15,3,2,1,889.0,0,0,4.556430550336758e-06,0,0.004050666759249377
4,0,36,1,2900,25,5,16,3,1,1,137.0,0,0,2.9555419186198205e-05,0,0.004049092428509154
24,1,32,3,15670,233,0,82,2,1,1,715.635,0,0,5.654982198906944e-06,0,0.004046903185914771
15,0,21,4,3338,59,49,26,3,1,1,331.88,0,0,1.2181945552396918e-05,0,0.004042944089929489
1,0,30,0,6413,63,93,34,2,1,1,709.92,0,0,5.674122942398097e-06,0,0.004028173359267257
3,0,28,1,885,13,26,5,4,1,1,87.45,0,0,4.6050260614758874e-05,0,0.0040270952907606634
14,0,25,2,1825,42,40,28,2,1,1,264.015,0,0,1.5216138361806924e-05,0,0.004017288769592455
17,0,30,1,1710,46,37,20,2,1,1,245.52,0,0,1.6313020747752825e-05,0,0.004005172853988274
0,0,28,0,1343,35,33,70,4,1,1,116.95,0,0,3.415375072416982e-05,0,0.0039942811471916605
13,0,24,1,1350,30,15,10,2,1,1,129.6,0,0,3.0775313637702414e-05,0,0.003988480647446233
2,0,36,0,2180,43,154,8,2,1,1,793.035,0,0,5.022906503173232e-06,0,0.003983340658743984
1,0,40,2,418,6,14,6,5,1,1,27.36,0,0,0.00014518669145999885,0,0.003972307878345569
13,0,27,1,1285,35,24,15,2,1,1,167.4,0,0,2.369380416497519e-05,0,0.003966342817216847
15,0,30,3,2330,53,208,13,3,2,1,927.32,0,0,4.275576388721654e-06,0,0.003964827496789365
0,0,29,0,1405,34,23,14,3,1,2,149.56,0,0,2.639331059600911e-05,0,0.003947383532739122
13,0,28,3,2473,55,58,85,5,1,1,124.92,0,0,3.158030522636705e-05,0,0.0039450117288777715
0,0,24,0,710,5,23,4,4,1,2,75.375,0,0,5.2050290228015196e-05,0,0.003923290625936646
14,1,44,0,2498,64,23,23,3,1,2,194.48,0,0,2.009393492650936e-05,0,0.00390786846450754
4,0,36,0,3908,83,11,31,2,1,1,229.095,0,0,1.7055870001624763e-05,0,0.003907414538022225
6,0,16,3,2662,44,22,16,3,1,1,196.24,0,0,1.9793312517270958e-05,0,0.0038842396483892527
7,0,15,0,5488,125,57,25,1,2,1,622.215,0,0,6.21229280342205e-06,0,0.0038653817666812512
10,0,44,3,903,20,26,10,5,1,1,52.845,0,0,7.239117168232101e-05,0,0.0038255114675522536
0,0,27,0,940,16,53,7,4,1,2,156.4,0,0,2.4271358929343575e-05,0,0.0037960405365493354
16,0,20,5,3218,54,43,23,3,2,1,302.88,0,0,1.2515293484908637e-05,0,0.0037906320907091277
5,0,40,0,825,19,11,7,3,1,2,77.76,0,0,4.872696447845233e-05,0,0.0037890087578444534
0,0,35,0,2715,24,4,17,3,1,1,125.56,0,0,3.0079895313304114e-05,0,0.0037768316555384647
1,0,36,0,2245,34,287,19,3,1,1,1239.16,0,0,3.001386718672217e-06,0,0.0037191983663098643
0,0,34,0,1995,30,273,14,3,1,1,1173.0,0,0,3.1704913496104577e-06,0,0.003718986353093067
0,0,37,0,685,13,0,8,2,1,2,31.41,0,0,0.00011818350471199236,0,0.0037121438830036804
2,0,42,0,875,20,8,12,2,1,2,76.275,0,0,4.8575327612199286e-05,0,0.0037050831136205007
6,0,32,0,6718,69,100,36,2,1,1,755.415,0,0,4.881968186474804e-06,0,0.0036879119975858636
15,0,18,4,3347,52,47,24,3,1,1,323.96,0,0,1.1355246047284203e-05,0,0.0036786455094781905
11,0,38,0,2483,57,10,17,3,1,2,141.6,0,0,2.5910409081370406e-05,0,0.0036689139259220493
10,0,33,3,1700,44,210,17,3,2,1,909.76,0,0,4.002492342182557e-06,0,0.0036413074332240034
10,0,37,0,2643,59,9,15,3,1,2,144.08,0,0,2.5057402315075095e-05,0,0.0036102705255560198
0,0,24,0,1120,14,35,16,4,1,2,115.85,0,0,3.1106130972949076e-05,0,0.00360364527321615
0,0,37,0,2203,58,27,35,2,1,1,223.245,0,0,1.6057956982996535e-05,0,0.0035848586066690616
6,0,11,2,2852,39,23,18,3,1,1,207.64,0,0,1.7058667961223264e-05,0,0.0035420618154683985
9,0,39,0,6423,71,94,24,2,1,1,715.23,0,0,4.906651067836295e-06,0,0.003509384043248553
0,0,17,0,985,15,3,14,2,1,1,58.5,0,0,5.977355082970145e-05,0,0.0034967527235375347
5,0,11,1,4095,36,201,25,3,1,1,969.24,0,0,3.565275531281541e-06,0,0.0034556076559393205
0,0,28,0,2580,12,0,8,3,1,1,103.68,0,0,3.3265590021939225e-05,0,0.003448976373474659
0,0,9,0,3790,30,194,23,3,1,1,928.8,0,0,3.629979234851246e-06,0,0.003371524713329837
10,0,37,1,6908,76,117,40,2,1,1,840.78,0,0,3.994959068331284e-06,0,0.003358881685471577
1,0,36,0,1668,25,0,6,3,1,1,67.72,0,0,4.9452931078369664e-05,0,0.0033489524926271935
0,0,36,0,2600,20,467,3,3,1,1,1972.8,0,0,1.6926571438393054e-06,0,0.0033392740133661816
5,0,22,1,1613,35,22,64,4,1,1,96.2,0,0,3.4602163177740266e-05,0,0.003328728097698614
0,0,30,0,1795,23,263,10,3,1,1,1124.72,0,0,2.948427703586756e-06,0,0.0033161556067780964
4,0,37,0,2245,33,253,14,3,1,1,1103.12,0,0,2.951630376423747e-06,0,0.0032560025008405635
0,0,34,0,695,6,0,6,2,1,2,31.545,0,0,0.00010314589816549067,0,0.0032537373576304036
2,0,26,0,1378,38,21,65,4,1,1,87.9,0,0,3.7007427281657816e-05,0,0.0032529528580577225
0,0,36,0,1865,32,269,13,3,1,1,1151.88,0,0,2.816801804066487e-06,0,0.0032446176620681056
0,0,36,0,5013,79,0,13,2,1,1,229.14,0,0,1.4126778844453113e-05,0,0.003237010104417986
0,0,30,0,2475,13,0,10,3,1,1,99.52,0,0,3.2293701912165405e-05,0,0.003213869214298701
2,0,17,0,1580,20,0,10,2,1,1,72.0,0,0,4.4501678727063837e-05,0,0.003204120868348596
4,0,39,0,3898,90,13,33,2,1,1,237.96,0,0,1.3401630463487758e-05,0,0.003189051985091547
16,0,38,1,3163,71,367,24,3,1,1,1597.36,0,0,1.9901206286533577e-06,0,0.003178939087385727
5,0,20,1,1810,31,26,13,3,1,1,177.64,0,0,1.7875276210617713e-05,0,0.0031753640660541304
13,0,40,4,4000,43,511,25,4,1,1,1378.575,0,0,2.298225348585778e-06,0,0.0031682760099266388
0,0,32,0,2780,19,0,12,3,1,1,111.96,0,0,2.8267200403587943e-05,0,0.003164795757185706
4,0,36,1,2955,27,0,13,3,1,1,119.28,0,0,2.6145344341898766e-05,0,0.003118616673101685
7,0,14,4,3148,49,45,32,3,1,1,307.88,0,0,1.0051055361614487e-05,0,0.003094518924733868
9,0,36,0,2375,55,46,20,3,1,2,281.2,0,0,1.0992045952989902e-05,0,0.00309096332198076
0,0,32,0,2725,17,2,15,3,1,1,117.68,0,0,2.6168498462713502e-05,0,0.0030795088990921253
4,0,43,0,710,20,21,9,3,1,2,113.2,0,0,2.720192444534842e-05,0,0.003079257847213441
2,0,35,0,2180,31,274,13,3,1,1,1184.44,0,0,2.595818061917418e-06,0,0.0030745907452574667
11,0,29,2,1810,43,209,16,3,2,1,910.12,0,0,3.377270519439707e-06,0,0.003073721445152466
8,0,36,1,3335,29,16,19,3,1,1,198.56,0,0,1.545797506378294e-05,0,0.0030693355286647407
9,0,11,2,4885,47,231,15,3,1,1,1121.28,0,0,2.711963963000775e-06,0,0.003040870952433509
8,0,36,0,6603,69,76,33,2,1,1,642.24,0,0,4.699644487885912e-06,0,0.003018299675899848
2,0,33,0,1753,40,0,10,3,1,2,71.72,0,0,4.193447603638615e-05,0,0.0030075406213296144
10,0,21,1,1270,28,11,9,2,1,1,107.91,0,0,2.78447408419007e-05,0,0.0030047259842495046
0,0,38,1,0,0,7,0,5,1,1,10.5,0,0,0.0002856043930199108,0,0.0029988461267090633
10,0,24,0,1110,26,0,9,2,1,1,51.12,0,0,5.8578166314699914e-05,0,0.0029945158620074594
12,0,38,0,4388,67,10,38,1,1,1,300.025,0,0,9.908031216878477e-06,0,0.002972657065843965
0,0,32,0,2535,16,0,12,3,1,1,102.04,0,0,2.8879006294131976e-05,0,0.002946813802253227
1,0,37,1,1783,31,32,10,4,1,1,125.35,0,0,2.3107995475706394e-05,0,0.0028965872328797966
14,0,40,2,5010,90,18,30,3,1,1,276.0,0,0,1.044535265318387e-05,0,0.0028829173322787484
12,0,17,3,4955,56,237,18,3,1,1,1148.44,0,0,2.4993589565003677e-06,0,0.0028703638000032823
14,0,35,1,2678,64,356,22,3,1,1,1533.68,0,0,1.8677939782654054e-06,0,0.002864598268586087
5,0,37,1,305,6,7,2,5,1,1,15.165,0,0,0.00018517896797730143,0,0.002808239049375776
18,0,40,2,4270,89,48,33,3,1,1,366.36,0,0,7.653362278150805e-06,0,0.002803885804223329
0,0,34,1,1963,29,14,19,3,1,1,135.68,0,0,2.059871622864219e-05,0,0.0027948338179021722
3,0,37,0,1115,19,14,6,2,1,2,114.03,0,0,2.4502470567997295e-05,0,0.0027940167188687318
6,0,34,0,4435,81,0,21,3,1,1,180.64,0,0,1.540038544316709e-05,0,0.002781925626453703
2,0,33,0,6420,84,176,22,3,1,1,964.16,0,0,2.877520403183721e-06,0,0.0027743900719336165
5,0,37,0,2375,48,157,25,2,1,1,815.535,0,0,3.400424014522239e-06,0,0.0027731647986833944
8,0,36,1,2585,43,282,16,3,1,1,1233.12,0,0,2.2176142885856804e-06,0,0.002734584531540774
0,0,34,0,2240,12,0,4,3,1,1,90.08,0,0,3.033995318773984e-05,0,0.0027330229831516047
11,0,28,0,815,31,42,11,3,1,2,201.84,0,0,1.3514153651237571e-05,0,0.0027276967729657916
2,0,36,1,528,5,13,5,5,1,1,27.495,0,0,9.901635263948466e-05,0,0.0027224546158226308
2,0,42,0,665,18,21,12,3,1,2,111.32,0,0,2.4228067451830866e-05,0,0.002697068468737812
11,0,43,2,3580,41,501,15,3,1,1,2148.84,0,0,1.2439646435977957e-06,0,0.0026730809847486875
5,0,15,0,2000,26,27,15,2,1,1,212.67,0,0,1.252662671508204e-05,0,0.0026640377034964973
3,0,39,0,5793,97,11,15,2,1,1,314.55,0,0,8.454567896436945e-06,0,0.002659384331824241
12,0,40,0,2633,68,370,29,3,1,1,1588.04,0,0,1.66844085085986e-06,0,0.002649550808799492
0,0,36,0,2055,33,278,16,3,1,1,1195.52,0,0,2.206577708028988e-06,0,0.0026380077815028155
6,0,36,0,3470,76,25,26,2,1,1,272.07,0,0,9.671639499361124e-06,0,0.0026313629585911808
13,0,29,4,2220,52,221,28,3,2,1,974.88,0,0,2.699005550814385e-06,0,0.0026312065313779274
2,0,31,0,6333,67,91,31,2,1,1,697.5,0,0,3.741322342309058e-06,0,0.002609572333760568
7,0,37,1,2485,37,281,15,3,1,1,1224.88,0,0,2.127439353948469e-06,0,0.002605857915864401
0,0,36,0,650,11,8,6,2,1,2,65.745,0,0,3.9580674107379825e-05,0,0.002602231419189687
12,0,30,1,1225,38,27,14,2,1,1,178.335,0,0,1.4548432217642604e-05,0,0.002594494659533294
11,1,43,0,2238,60,16,18,3,1,2,155.92,0,0,1.6605168547218054e-05,0,0.0025890778798822386
8,0,36,1,3320,31,480,6,3,1,1,2054.04,0,0,1.2588813114866835e-06,0,0.0025857925690461075
5,0,31,0,2193,50,344,18,2,1,1,1648.935,0,0,1.5577803434094755e-06,0,0.0025686785305599033
11,1,40,4,7225,126,286,39,3,2,1,1438.04,0,0,1.77600173560611e-06,0,0.0025539615358710103
0,0,38,0,465,11,11,8,2,1,1,70.92,0,0,3.5771230219110235e-05,0,0.002536895647139298
14,0,35,1,4080,82,31,29,3,1,1,290.48,0,0,8.721348394475844e-06,0,0.0025333772816273433
0,0,29,0,2475,41,160,20,2,1,1,833.22,0,0,3.0266151566274666e-06,0,0.0025218362808051378
11,0,36,0,2858,65,360,22,2,1,1,1751.535,0,0,1.4346083036072199e-06,0,0.002512766655058672
11,0,40,2,3590,34,499,13,3,1,1,2140.96,0,0,1.1626203856103339e-06,0,0.0024891237407763003
0,0,31,0,490,6,0,5,2,1,2,22.32,0,0,0.00011017839385307534,0,0.0024591817508006417
7,0,38,2,833,11,20,7,5,1,1,42.66,0,0,5.759439842745826e-05,0,0.002456977036915369
1,0,34,0,2475,47,168,21,2,1,1,869.49,0,0,2.79888383905055e-06,0,0.0024336015092160626
8,0,43,2,1973,37,15,9,4,1,1,87.75,0,0,2.7588006096073066e-05,0,0.0024208475349304114
7,0,41,2,823,18,22,9,5,1,1,45.615,0,0,5.249527657152702e-05,0,0.002394572040810205
1,0,33,0,3885,57,0,10,2,1,1,177.39,0,0,1.3429010971035295e-05,0,0.002382172256151951
5,0,37,1,3500,32,484,6,3,1,1,2077.28,0,0,1.141906752054131e-06,0,0.0023720600579070056
0,0,6,1,4210,32,204,5,3,1,1,985.68,0,0,2.3998735840331054e-06,0,0.0023655073943097513
0,0,18,0,1505,25,19,11,2,1,1,154.35,0,0,1.5294102147619952e-05,0,0.0023606446664851395
3,0,27,0,1163,34,12,70,4,1,1,59.925,0,0,3.868299332252686e-05,0,0.002318078374852422
0,0,19,0,520,4,6,2,4,1,2,28.1,0,0,8.219522418522362e-05,0,0.0023096857996047836
15,0,39,0,4388,66,7,33,1,1,1,283.47,0,0,8.140783581145683e-06,0,0.002307667921747367
19,0,46,0,2803,70,30,25,4,1,2,146.825,0,0,1.571085381758352e-05,0,0.0023067461117667
9,0,27,0,510,24,1,4,2,1,2,28.53,0,0,8.061020713107906e-05,0,0.0022998092094496853
0,0,22,0,0,0,9,0,4,1,2,22.5,0,0,0.0001020510114317721,0,0.0022961477572148725
9,1,36,4,7025,119,276,35,3,2,1,1389.76,0,0,1.647094438471275e-06,0,0.002289065966809839
9,0,14,2,4875,54,233,17,3,1,1,1129.16,0,0,2.018970968451903e-06,0,0.0022797412587371507
0,0,34,0,2028,49,0,29,1,1,1,114.235,0,0,1.9895152929261928e-05,0,0.0022727227948742363
0,0,35,0,2675,15,444,2,3,1,1,1883.6,0,0,1.2011349269663565e-06,0,0.002262457748433829
6,0,38,1,2605,42,287,18,3,1,1,1253.88,0,0,1.7644846317584226e-06,0,0.0022124519900692512
0,0,26,0,968,29,9,53,4,1,1,47.425,0,0,4.6619840429505206e-05,0,0.0022109459323692844
0,0,31,0,2295,39,157,16,2,1,1,811.53,0,0,2.7100511027800445e-06,0,0.0021992877714390895
15,0,41,3,4110,44,498,10,4,1,1,1348.85,0,0,1.6203838497363992e-06,0,0.0021856547557169417
2,0,39,0,1988,53,0,35,2,1,1,91.845,0,0,2.3796123672184168e-05,0,0.002185554978671755
0,0,40,1,293,8,12,6,5,1,1,22.515,0,0,9.674679759913082e-05,0,0.0021782541479444307
2,0,31,0,1585,42,28,16,3,1,2,177.08,0,0,1.212538331260836e-05,0,0.0021471628769966886
11,0,15,4,2978,43,27,16,3,1,1,228.84,0,0,9.310606578394186e-06,0,0.0021306392093997256
7,0,27,0,100,15,0,3,2,1,2,5.175,0,0,0.0004112569061979913,0,0.002128254489574605
2,0,29,0,6705,95,4,18,4,1,1,180.0,0,0,1.1820955661667298e-05,0,0.0021277720191001134
5,0,38,0,1845,52,49,25,3,1,2,271.88,0,0,7.8223772632833e-06,0,0.0021267479303414636
2,0,36,0,6008,64,83,37,2,1,1,646.74,0,0,3.287321753716461e-06,0,0.002126042470998584
18,0,43,2,4260,96,50,35,3,1,1,374.24,0,0,5.675039168772412e-06,0,0.0021238266585213877
7,0,31,1,7010,101,11,20,5,1,1,123.165,0,0,1.7226894692206895e-05,0,0.0021217504847656624
11,0,20,3,2600,42,56,31,3,1,1,329.68,0,0,6.43440194618285e-06,0,0.002121293633617562
6,0,42,3,723,12,21,8,5,1,1,42.525,0,0,4.97081524147226e-05,0,0.0021138391814360786
18,0,38,2,6123,104,33,26,2,1,1,428.715,0,0,4.925483012429496e-06,0,0.0021116284496737114
0,0,36,0,1068,15,0,3,3,1,1,43.32,0,0,4.86537620655091e-05,0,0.0021076809726778543
8,0,36,1,3025,56,177,23,2,1,1,935.145,0,0,2.248447276371153e-06,0,0.0021026242282621015
12,0,16,5,3453,55,52,34,3,1,1,348.32,0,0,6.027333191185969e-06,0,0.002099440697153897
1,0,32,0,6233,61,90,30,2,1,1,688.23,0,0,3.032047620328018e-06,0,0.002086746133738352
16,0,26,1,1935,43,27,13,2,1,1,210.51,0,0,9.883839644580887e-06,0,0.0020806470835807223
4,0,39,1,2475,45,317,22,4,1,1,855.5,0,0,2.4248681488586364e-06,0,0.0020744747013485636
15,0,23,5,3157,57,46,22,4,1,1,195.35,0,0,1.0534598000993617e-05,0,0.0020579337194941033
3,0,35,0,3950,59,0,11,2,1,1,180.405,0,0,1.1325436433177157e-05,0,0.002043165359727325
8,0,36,0,3715,79,27,26,3,1,1,259.76,0,0,7.852206529422882e-06,0,0.002039689168082888
13,0,35,0,4503,66,0,36,1,1,1,251.295,0,0,8.090262024046124e-06,0,0.0020330423953326708
17,0,39,4,7623,91,136,54,2,2,1,959.13,0,0,2.116953116310221e-06,0,0.0020304332424466226
4,0,26,0,1425,20,42,18,4,1,2,141.125,0,0,1.4341830388276748e-05,0,0.002023990813545556
9,0,38,0,2048,55,341,26,3,1,1,1448.12,0,0,1.3856852653207542e-06,0,0.0020066385464162905
0,0,36,0,2615,18,3,16,3,1,1,117.32,0,0,1.6959650816213094e-05,0,0.00198970623375812
3,0,22,0,1488,37,20,64,4,1,1,88.125,0,0,2.2562880132046584e-05,0,0.001988353811636605
7,0,44,0,1180,26,15,14,3,1,2,108.24,0,0,1.8269467556524273e-05,0,0.001977487168318187
4,0,37,0,6118,65,87,22,2,1,1,669.735,0,0,2.946615162230821e-06,0,0.001973451305676659
0,0,39,0,650,10,3,13,2,1,2,43.2,0,0,4.5551080690219044e-05,0,0.001967806685817463
6,1,36,0,2178,51,3,15,3,1,2,101.16,0,0,1.909937441548734e-05,0,0.0019320927158706994
9,0,38,2,7210,97,194,26,3,1,1,1068.28,0,0,1.79182340018228e-06,0,0.0019141691019467259
7,0,12,3,4810,52,254,16,3,1,1,1210.48,0,0,1.5795629652762057e-06,0,0.0019120293782075414
6,0,37,0,1853,50,338,9,2,1,1,1606.635,0,0,1.1866370144471572e-06,0,0.0019064925597063083
9,0,28,1,1873,45,37,70,5,1,1,84.27,0,0,2.245939224277429e-05,0,0.0018926529842985896
3,0,32,0,6670,91,0,18,4,1,1,169.025,0,0,1.1156931056883409e-05,0,0.0018858002718897182
4,0,28,0,3405,69,19,28,3,1,1,214.96,0,0,8.766563877857183e-06,0,0.0018844605711841802
18,0,37,7,10310,95,5,45,4,2,1,272.625,0,0,6.905898379543004e-06,0,0.0018827205457229116
11,0,36,2,6843,73,104,34,2,1,1,779.22,0,0,2.399670230945577e-06,0,0.0018698710373574127
9,0,27,0,1758,39,7,66,4,1,1,62.425,0,0,2.985687881521293e-05,0,0.001863815660039667
0,0,32,0,2100,29,270,12,3,1,1,1165.16,0,0,1.591926057209733e-06,0,0.0018548485648184926
6,0,34,1,5963,91,7,8,3,1,1,270.16,0,0,6.845343144982213e-06,0,0.0018493379040483947
14,0,31,7,9950,79,0,35,4,1,1,250.725,0,0,7.329803444538887e-06,0,0.0018377649686320125
1,0,35,1,743,9,5,1,5,1,1,18.78,0,0,9.738924587278365e-05,0,0.001828970037490877
5,0,40,1,770,17,18,10,3,1,1,103.48,0,0,1.765715942498394e-05,0,0.0018271628572973382
19,0,19,5,3867,62,46,21,3,1,1,341.16,0,0,5.301503879090624e-06,0,0.0018086610633905576
5,0,34,1,2405,35,277,14,3,1,1,1205.6,0,0,1.485771322998365e-06,0,0.001791245907006829
7,0,37,1,2378,36,8,6,4,1,1,80.35,0,0,2.2277630928898408e-05,0,0.001790007645136987
2,0,26,0,1323,36,28,68,4,1,1,103.975,0,0,1.7028542066038236e-05,0,0.0017705426613163254
9,0,36,1,7123,80,109,35,2,1,1,814.635,0,0,2.1700001470582185e-06,0,0.0017677580697987717
10,0,34,1,4243,62,7,31,2,1,1,225.225,0,0,7.815741951160887e-06,0,0.0017603004809502107
4,0,36,0,3280,75,16,23,2,1,1,222.975,0,0,7.758970995676112e-06,0,0.001730056557760881
2,0,32,0,3985,63,0,11,2,1,1,182.16,0,0,9.497072894848317e-06,0,0.0017299867985255694
3,0,39,0,1955,34,267,20,3,1,1,1147.56,0,0,1.5055741415057008e-06,0,0.001727736661826282
13,0,36,0,2463,58,7,15,3,1,2,128.84,0,0,1.3358122336216459e-05,0,0.0017210604817981287
5,0,38,0,6593,77,112,40,2,1,1,804.15,0,0,2.1221266624893885e-06,0,0.0017065081556408416
5,0,36,0,2263,60,384,26,3,1,1,1628.92,0,0,1.045938459617085e-06,0,0.0017037500756394621
0,0,31,0,1668,19,0,5,3,1,1,67.48,0,0,2.513678475372529e-05,0,0.0016962302351813828
4,0,37,0,3488,55,0,35,1,1,1,194.865,0,0,8.688865363692571e-06,0,0.001693155749095953
0,0,39,0,585,16,17,11,2,1,2,103.545,0,0,1.6244583774210276e-05,0,0.001682045426900603
15,0,25,0,925,29,7,5,3,1,2,66.16,0,0,2.5292872696901273e-05,0,0.0016733764576269882
7,0,25,1,1693,37,26,65,5,1,1,64.95,0,0,2.5728568693702385e-05,0,0.0016710705366559699
6,0,38,0,5918,95,7,12,3,1,1,268.52,0,0,6.1721725190394445e-06,0,0.0016573517648124714
0,0,24,0,1263,33,23,66,4,1,1,89.9,0,0,1.838548077192987e-05,0,0.0016528547213964955
8,0,33,0,15405,180,140,26,2,1,1,1331.325,0,0,1.2401029635198915e-06,0,0.0016509800779081197
9,0,25,2,2000,38,43,17,3,1,1,253.52,0,0,6.465112974356271e-06,0,0.001639035441258802
14,0,38,2,4798,76,22,50,1,1,1,389.07,0,0,4.199120319536248e-06,0,0.001633751742721968
5,0,34,1,3085,25,7,14,3,1,1,152.4,0,0,1.0628272835521783e-05,0,0.0016197487801335197
0,0,24,0,520,4,14,1,4,1,2,48.1,0,0,3.362237447614471e-05,0,0.0016172362123025607
8,0,32,0,2453,54,351,23,2,1,1,1692.315,0,0,9.551326172012387e-07,0,0.0016163852550789145
0,0,37,0,1683,47,0,33,1,1,1,95.15,0,0,1.6979434341698748e-05,0,0.001615593177612636
0,0,30,0,3805,55,0,9,2,1,1,173.7,0,0,9.257837087075588e-06,0,0.0016080863020250294
0,0,18,0,1003,23,8,60,4,1,1,45.65,0,0,3.495059586566677e-05,0,0.0015954947012676878
6,0,40,0,2735,57,183,27,2,1,1,949.14,0,0,1.6772228210219774e-06,0,0.0015919192683447997
10,0,37,0,2453,60,359,24,3,1,1,1536.52,0,0,1.034021192842951e-06,0,0.001588794243227051
8,0,41,2,1240,23,12,15,2,1,1,110.835,0,0,1.427284684933339e-05,0,0.0015819309805458661
10,0,40,1,2888,65,18,38,2,1,1,213.885,0,0,7.3125289289369215e-06,0,0.0015640402499656734
11,0,39,0,2158,56,345,11,3,1,1,1468.56,0,0,1.0552112018917376e-06,0,0.00154964096265013
0,0,19,0,1263,27,15,65,4,1,1,69.75,0,0,2.1962105408355666e-05,0,0.0015318568522328076
5,0,35,1,1793,23,7,3,4,1,1,62.9,0,0,2.432481756243795e-05,0,0.001530031024677347
9,0,35,1,3595,74,21,23,3,1,1,230.76,0,0,6.6232948938951035e-06,0,0.001528391529715234
0,0,15,0,1275,14,0,8,2,1,1,58.005,0,0,2.6151414065074573e-05,0,0.0015169127728446507
2,0,35,0,3603,76,0,24,2,1,1,165.555,0,0,9.14649918786553e-06,0,0.0015142486730470779
1,0,19,0,1290,21,10,16,2,1,1,103.995,0,0,1.4457397365113135e-05,0,0.0015034970389849406
14,0,43,3,7103,83,125,43,2,1,1,885.87,0,0,1.6923515862454395e-06,0,0.0014992034997072475
0,0,35,0,2080,10,451,6,3,1,1,1887.6,0,0,7.887337748767226e-07,0,0.0014888138734573016
0,0,25,0,820,29,177,6,2,2,1,834.705,0,0,1.7706286674772952e-06,0,0.0014779526018866358
0,0,31,0,6670,92,16,23,4,1,1,209.05,0,0,7.013005446741246e-06,0,0.0014660687886412576
4,0,25,0,1453,33,0,64,4,1,1,37.15,0,0,3.907461141940094e-05,0,0.0014516218142307448
5,0,33,0,8750,112,132,39,3,1,1,882.48,0,0,1.6448567239530084e-06,0,0.0014515531617540509
1,0,25,0,1200,31,195,12,2,2,1,932.895,0,0,1.5556541812855641e-06,0,0.0014512620074503962
4,0,31,0,2068,52,342,18,2,1,1,1634.4,0,0,8.827438996656175e-07,0,0.0014427566296134854
15,0,39,1,2758,66,366,26,3,1,1,1576.96,0,0,9.05491248991307e-07,0,0.0014279234800093315
0,0,19,0,750,20,171,3,2,2,1,804.15,0,0,1.7755768264565901e-06,0,0.0014278301049950668
21,0,40,2,3468,77,374,26,3,1,1,1637.8,0,0,8.697752029682087e-07,0,0.0014245178274213321
13,0,39,2,7023,81,115,39,2,1,1,837.18,0,0,1.6844026224213721e-06,0,0.0014101481874387242
13,0,39,0,4560,71,7,15,2,1,1,239.895,0,0,5.875188967027978e-06,0,0.0014094284572451767
14,0,38,0,15675,182,125,28,2,1,1,1276.065,0,0,1.096824485213548e-06,0,0.0013996193367240262
2,0,33,0,7428,125,374,39,2,1,1,2022.885,0,0,6.895962971348226e-07,0,0.0013949740055295757
1,0,28,0,1190,38,197,14,2,2,1,941.76,0,0,1.4729640455890697e-06,0,0.0013871786195739622
4,0,19,0,840,24,2,7,2,1,1,47.88,0,0,2.8900660730177905e-05,0,0.0013837636357609182
19,0,40,3,5103,82,29,52,1,1,1,444.675,0,0,3.10068166156928e-06,0,0.0013787956178583196
3,0,32,0,1853,46,0,11,3,1,2,75.96,0,0,1.8138851043400582e-05,0,0.001377827125256708
1,0,32,0,3638,80,0,24,2,1,1,167.31,0,0,8.206312666529944e-06,0,0.001372998172237125
17,0,36,6,9835,83,0,27,4,1,1,247.95,0,0,5.505562067489219e-06,0,0.0013651041146339519
1,0,36,0,1280,19,1,9,2,1,2,62.955,0,0,2.1574270232982686e-05,0,0.0013582081825174249
6,0,27,0,1535,21,29,3,4,1,2,111.4,0,0,1.2129553779468922e-05,0,0.001351232291032838
6,0,39,2,2088,37,39,12,4,1,1,150.625,0,0,8.826649505773968e-06,0,0.001329514081807204
0,0,15,0,1515,18,17,9,2,1,1,145.485,0,0,9.05150389175944e-06,0,0.0013168580436926224
4,0,38,1,1783,30,0,5,4,1,1,45.325,0,0,2.903444589703333e-05,0,0.0013159862602830357
8,0,38,0,2085,56,77,26,4,1,2,246.025,0,0,5.329770764142462e-06,0,0.0013112568522481492
8,0,40,3,6920,98,225,32,4,1,1,737.95,0,0,1.7662113835512624e-06,0,0.0013033756904916542
0,0,30,0,2530,11,461,7,3,1,1,1945.64,0,0,6.660791130599543e-07,0,0.0012959501655339695
8,0,41,1,2153,39,18,13,4,1,1,99.8,0,0,1.293868903748981e-05,0,0.001291281165941483
0,0,41,0,405,14,14,7,3,1,2,72.76,0,0,1.7720852227256985e-05,0,0.0012893692080552183
11,0,34,1,3820,78,24,24,3,1,1,251.92,0,0,5.116123799006543e-06,0,0.0012888539074457283
2,0,38,0,2115,36,283,18,3,1,1,1218.04,0,0,1.0458356316239073e-06,0,0.001273869632743184
9,1,42,0,2193,58,16,21,3,1,2,154.04,0,0,8.266371121080056e-06,0,0.0012733518074911718
16,0,41,3,7083,84,120,41,2,1,1,862.515,0,0,1.4719982392570418e-06,0,0.0012696205613327875
11,0,29,1,1305,34,29,17,2,1,1,190.755,0,0,6.636602937619546e-06,0,0.0012659651933656165
4,0,36,0,2535,50,173,23,2,1,1,894.825,0,0,1.397826451554173e-06,0,0.0012508100545119629
10,0,36,0,2338,54,327,20,2,1,1,1579.14,0,0,7.857911385301768e-07,0,0.0012408742184985434
8,0,33,1,6763,71,100,33,2,1,1,757.53,0,0,1.6312370288766088e-06,0,0.0012357109864848973
12,0,34,0,15790,182,149,31,2,1,1,1389.24,0,0,8.847562066362091e-07,0,0.0012291387125072872
11,0,39,2,6778,78,113,39,2,1,1,817.02,0,0,1.4987723728132294e-06,0,0.0012245270040358647
7,0,38,0,2328,62,363,27,2,1,1,1741.05,0,0,7.023878869346401e-07,0,0.0012228924305475552
12,0,37,1,2698,63,361,24,3,1,1,1554.44,0,0,7.861619389725336e-07,0,0.001222041564416465
15,0,27,0,1300,35,31,22,3,1,2,177.4,0,0,6.880216354525693e-06,0,0.001220550381292858
5,0,35,0,2148,54,352,22,2,1,1,1683.09,0,0,7.244209752422818e-07,0,0.001219265699220532
15,0,38,3,3685,69,203,40,2,1,1,1082.43,0,0,1.1246775243630512e-06,0,0.0012173846926962976
5,0,25,0,305,6,17,2,4,1,2,50.275,0,0,2.407373822816122e-05,0,0.0012103071894208053
1,0,33,0,2393,52,0,32,1,1,1,134.475,0,0,8.885424901450205e-06,0,0.0011948675136225163
16,0,30,0,1120,37,49,13,3,1,2,242.28,0,0,4.9143074268703214e-06,0,0.0011906384033821414
10,0,38,1,2568,66,391,28,3,1,1,1669.36,0,0,7.063588170338046e-07,0,0.001179167154803552
13,0,38,1,4020,85,34,28,3,1,1,300.2,0,0,3.910806250770831e-06,0,0.0011740240364814033
5,0,43,0,1135,24,15,17,2,1,2,119.655,0,0,9.796456491497278e-06,0,0.0011721950014901069
0,0,31,0,1300,35,26,16,3,1,2,157.4,0,0,7.373962446991778e-06,0,0.0011606616891565058
0,0,25,0,1378,39,55,70,4,1,1,172.925,0,0,6.704352552734832e-06,0,0.0011593501651816708
5,0,30,1,2885,18,7,10,3,1,1,144.12,0,0,8.040980217162104e-06,0,0.0011588660688974025
1,0,24,0,1508,36,25,66,4,1,1,101.1,0,0,1.1450470883116391e-05,0,0.0011576426062830671
0,0,29,0,6153,59,86,29,2,1,1,666.54,0,0,1.7265888057378534e-06,0,0.0011508405025765088
3,0,31,0,15100,174,133,24,2,1,1,1285.83,0,0,8.92060664794463e-07,0,0.0011470383646126645
7,0,34,0,15305,174,139,25,2,1,1,1322.055,0,0,8.659579693976614e-07,0,0.0011448440632320252
1,0,36,0,3293,50,0,18,1,1,1,183.865,0,0,6.198383110943652e-06,0,0.0011396657106936547
0,0,16,0,1635,23,23,12,2,1,1,178.11,0,0,6.36121313910424e-06,0,0.0011329956722058562
4,0,22,0,215,11,0,3,2,1,2,10.17,0,0,0.00010960520501305252,0,0.0011146849349827441
3,0,23,0,730,25,3,8,2,1,1,47.475,0,0,2.344418884401558e-05,0,0.0011130128653696397
0,0,31,0,2660,14,0,9,3,1,1,106.96,0,0,1.0383719684690156e-05,0,0.001110642657474459
1,0,41,0,955,16,10,15,2,1,2,88.695,0,0,1.2484533979836859e-05,0,0.00110731574134163
19,0,31,2,1065,34,22,11,3,1,1,131.96,0,0,8.369642509504912e-06,0,0.0011044580255542683
1,0,7,2,4685,44,229,23,3,1,1,1105.16,0,0,9.95377520654507e-07,0,0.001100051420726535
10,0,42,0,2318,56,18,21,3,1,2,166.96,0,0,6.548658138100548e-06,0,0.0010933639627372675
0,0,31,0,2055,27,270,15,3,1,1,1163.28,0,0,9.350028627317577e-07,0,0.0010876701301585992
0,0,40,0,485,10,16,10,2,1,2,94.275,0,0,1.1445962522371556e-05,0,0.0010790681167965786
5,0,36,0,4255,66,7,18,2,1,1,225.945,0,0,4.766022543439558e-06,0,0.0010768589635774509
0,0,22,0,830,22,175,4,2,2,1,825.84,0,0,1.3005356156285228e-06,0,0.0010740343328106592
1,0,29,0,1263,39,31,67,4,1,1,110.05,0,0,9.650335467311217e-06,0,0.0010620194181775993
6,0,27,0,1000,28,22,15,2,1,1,145.26,0,0,7.301811591252303e-06,0,0.0010606611517453093
5,0,33,1,6545,82,178,22,3,1,1,977.08,0,0,1.0828286652831739e-06,0,0.0010580102322748836
15,0,38,3,4375,92,53,43,3,1,1,390.68,0,0,2.6530814564387357e-06,0,0.0010365058634014854
1,0,24,0,1453,34,32,69,4,1,1,117.175,0,0,8.787795200669429e-06,0,0.0010297099026384403
6,0,42,0,5873,99,15,16,3,1,1,298.88,0,0,3.430938320238042e-06,0,0.001025438845152746
9,1,38,0,2238,54,8,17,3,1,2,123.68,0,0,8.284386586775869e-06,0,0.0010246129330524394
10,0,39,1,4313,72,33,39,1,1,1,422.675,0,0,2.4075616007539606e-06,0,0.0010176160995986803
9,0,33,0,2373,58,349,20,2,1,1,1679.895,0,0,6.055350208919613e-07,0,0.0010172352539213013
2,0,38,0,2170,38,276,15,3,1,1,1192.32,0,0,8.345113605178948e-07,0,0.0009950045853726963
8,0,34,1,6975,97,7,20,4,1,1,194.3,0,0,5.1178540787419765e-06,0,0.000994399047499566
5,0,32,1,3065,26,7,12,3,1,1,151.64,0,0,6.53041543982077e-06,0,0.0009902721972944214
10,0,33,1,2498,56,351,20,3,1,1,1506.16,0,0,6.531687068254701e-07,0,0.0009837765794722501
13,0,27,0,945,28,12,7,3,1,2,86.92,0,0,1.1303019512876702e-05,0,0.000982458456059243
5,0,24,0,305,6,18,2,4,1,2,52.775,0,0,1.8464490229568638e-05,0,0.0009744634718654848
6,0,42,1,1928,35,15,12,4,1,1,86.575,0,0,1.1246364631285452e-05,0,0.0009736540179535381
10,0,42,2,6718,81,116,38,2,1,1,827.955,0,0,1.171439105394537e-06,0,0.0009698988645069339
4,0,24,0,515,21,0,13,2,1,1,24.12,0,0,4.008328442321736e-05,0,0.0009668088202880028
0,0,26,0,2275,6,0,6,3,1,1,91.24,0,0,1.0582031705007165e-05,0,0.0009655045727648536
1,0,14,2,2357,38,15,14,3,1,1,155.8,0,0,6.19618472423539e-06,0,0.0009653655800358738
13,0,43,2,6978,85,123,43,2,1,1,871.335,0,0,1.1034157187320626e-06,0,0.0009614447352814017
18,0,29,0,1195,32,26,12,3,1,2,153.08,0,0,6.2638573859817436e-06,0,0.0009588712886460854
8,0,25,0,1035,31,10,10,2,1,1,92.97,0,0,1.0291114189268853e-05,0,0.0009567648861763253
12,0,14,3,3078,49,28,17,3,1,1,237.08,0,0,4.0292237946584885e-06,0,0.0009552483772376345
9,0,40,2,3400,33,490,10,3,1,1,2097.32,0,0,4.548434874698581e-07,0,0.0009539523431402828
0,0,38,0,990,20,32,15,2,1,2,189.45,0,0,4.909016633483481e-06,0,0.0009300132012134454
6,0,37,1,1725,47,43,22,3,1,1,242.88,0,0,3.822524355281526e-06,0,0.0009284147154107771
0,0,20,0,1308,29,15,62,4,1,1,70.925,0,0,1.2960302824695161e-05,0,0.0009192094778415043
0,0,21,0,1083,25,12,61,4,1,1,57.7,0,0,1.5924745210511292e-05,0,0.0009188577986465016
5,0,39,0,1180,20,7,13,2,1,2,85.5,0,0,1.0616624257204646e-05,0,0.0009077213739909972
10,0,36,0,15890,187,151,28,2,1,1,1402.965,0,0,6.458248168161402e-07,0,0.0009060696141244562
0,0,35,0,570,8,0,9,2,1,2,26.01,0,0,3.470316162589502e-05,0,0.0009026292338895297
0,0,34,0,1553,20,2,7,3,1,1,70.92,0,0,1.2699673775570227e-05,0,0.0009006608641634405
11,0,39,2,6833,80,106,36,2,1,1,788.085,0,0,1.1421561264255243e-06,0,0.0009001161108940593
0,0,34,0,2285,46,159,18,2,1,1,820.395,0,0,1.081396726509548e-06,0,0.0008871724674448006
4,0,36,0,1743,49,334,24,2,1,1,1583.64,0,0,5.55279399922799e-07,0,0.0008793626688937415
10,0,36,2,3380,63,196,38,2,1,1,1036.935,0,0,8.443547351808666e-07,0,0.0008755409773247718
10,0,16,3,3042,46,40,22,3,1,1,283.52,0,0,3.086361026636169e-06,0,0.0008750450782718866
6,0,38,1,3340,30,485,8,3,1,1,2074.8,0,0,4.217367038637279e-07,0,0.0008750193131764627
16,0,29,0,15170,222,0,63,2,1,1,692.64,0,0,1.2579703721097902e-06,0,0.0008713205985381251
0,0,41,0,830,18,8,15,2,1,2,74.16,0,0,1.1718280349454479e-05,0,0.0008690276707155441
0,0,32,0,2415,44,163,19,2,1,1,844.155,0,0,1.0224623906797493e-06,0,0.0008631167394042638
8,0,24,2,2080,34,45,20,3,1,1,264.56,0,0,3.25859139465308e-06,0,0.0008620929393694189
0,0,16,0,1200,19,12,9,2,1,1,108.855,0,0,7.905932929934058e-06,0,0.0008606003290879719
3,0,28,1,910,31,175,13,2,2,1,829.845,0,0,1.0368531000582188e-06,0,0.0008604273608178126
9,0,36,0,15370,176,118,26,2,1,1,1230.57,0,0,6.992050022896004e-07,0,0.0008604206996675136
0,0,27,0,2535,10,0,11,3,1,1,101.8,0,0,8.437804839445972e-06,0,0.0008589685326555999
4,0,34,0,15065,170,111,24,2,1,1,1185.075,0,0,7.247553923190163e-07,0,0.0008588894965524583
0,0,36,0,1488,42,0,16,1,1,1,84.15,0,0,1.0195094992792164e-05,0,0.0008579172436434607
6,0,24,0,280,13,0,1,2,1,2,13.185,0,0,6.497231675308169e-05,0,0.0008566599963893821
1,0,25,0,1255,33,188,9,2,2,1,903.96,0,0,9.362940220583079e-07,0,0.000846372344179828
14,0,37,2,3900,80,28,25,3,1,1,271.2,0,0,3.1004268816289482e-06,0,0.0008408357702977707
7,0,28,1,1683,44,28,67,5,1,1,67.905,0,0,1.2359406067916346e-05,0,0.0008392654690418595
5,0,34,1,1893,29,7,4,4,1,1,65.55,0,0,1.2795963431557526e-05,0,0.0008387754029385958
0,0,29,0,1888,44,337,16,2,1,1,1603.44,0,0,5.210872420777288e-07,0,0.0008355321274371134
4,0,38,0,5728,94,0,9,3,1,1,232.88,0,0,3.581892247303069e-06,0,0.0008341510665519388
11,0,37,0,15675,183,159,33,2,1,1,1429.11,0,0,5.831054147007885e-07,0,0.0008333217792030438
13,0,36,1,2578,58,355,21,3,1,1,1525.44,0,0,5.442657226753551e-07,0,0.0008302447039978938
3,0,29,0,8550,105,122,35,3,1,1,834.2,0,0,9.849988913964286e-07,0,0.0008216860752029007
3,0,36,0,3703,59,0,30,2,1,1,169.29,0,0,4.826268929203545e-06,0,0.0008170390670248681
7,0,39,2,4138,94,41,34,3,1,1,333.28,0,0,2.4504645208654772e-06,0,0.0008166908155140462
5,0,22,0,305,6,13,2,4,1,2,40.275,0,0,2.0276468643080563e-05,0,0.0008166347746000696
8,0,37,1,6718,75,108,37,2,1,1,791.685,0,0,1.0266141388410867e-06,0,0.0008127550145084056
1,0,35,0,1548,44,331,7,2,1,1,1561.14,0,0,5.192252067156856e-07,0,0.0008105832392121254
0,0,32,0,2835,17,468,2,3,1,1,1986.08,0,0,4.069383796020005e-07,0,0.0008082121769599412
7,0,37,2,3220,25,479,5,3,1,1,2045.8,0,0,3.9499221361547775e-07,0,0.0008080750706145444
4,0,31,0,15225,172,135,24,2,1,1,1300.365,0,0,6.127123409175034e-07,0,0.0007967496831971893
1,0,32,0,6500,80,178,25,3,1,1,975.2,0,0,8.138366105778629e-07,0,0.000793653462635532
16,0,33,6,10015,81,0,36,4,1,1,252.4,0,0,3.1261296406918747e-06,0,0.0007890351213106292
3,0,38,2,398,7,9,4,5,1,1,19.575,0,0,4.030613447843032e-05,0,0.0007889925824152735
6,0,33,0,11385,152,1,43,3,1,1,465.48,0,0,1.6942662392925985e-06,0,0.0007886470490659188
0,0,33,0,6353,66,96,33,2,1,1,720.855,0,0,1.091864640040863e-06,0,0.0007870760850966562
14,0,37,2,3053,70,380,39,3,1,1,1644.92,0,0,4.774456852081869e-07,0,0.0007853599565126509
2,0,22,0,1315,30,185,10,2,2,1,893.025,0,0,8.723472367692653e-07,0,0.0007790278911158731
5,0,29,0,1245,22,60,9,4,1,2,181.675,0,0,4.24842958496972e-06,0,0.000771833444849374
3,0,34,0,3015,25,473,4,3,1,1,2013.6,0,0,3.805202956894802e-07,0,0.0007662156674003372
18,0,34,7,10320,88,3,43,4,1,1,267.7,0,0,2.852773445704809e-06,0,0.0007636874514151774
1,0,33,0,15120,173,138,26,2,1,1,1309.185,0,0,5.8138948812479e-07,0,0.0007611463970106532
8,0,27,3,1915,46,214,26,2,2,1,1051.245,0,0,7.211289370915871e-07,0,0.0007580831894728454
0,0,25,0,858,28,5,68,4,1,1,34.65,0,0,2.1617246986329727e-05,0,0.000749037608076325
0,0,36,0,1423,22,0,6,3,1,1,57.8,0,0,1.2894621247066395e-05,0,0.0007453091080804376
6,0,30,1,7090,97,13,23,4,1,1,212.175,0,0,3.4990907591537603e-06,0,0.0007424195818234491
22,1,40,9,10515,95,11,46,5,1,1,175.65,0,0,4.1745726185832485e-06,0,0.0007332636804541476
9,0,24,0,520,17,0,2,2,1,2,24.165,0,0,3.0284366185038164e-05,0,0.0007318217088614472
0,0,33,0,1360,38,31,18,3,1,2,179.92,0,0,4.054151338253182e-06,0,0.0007294229087785125
5,0,36,1,2545,18,7,6,3,1,1,130.52,0,0,5.574163836059615e-06,0,0.0007275398638825009
0,0,32,0,2008,50,0,27,1,1,1,113.19,0,0,6.387116826593299e-06,0,0.0007229577536020955
8,0,37,0,4255,65,0,13,2,1,1,194.4,0,0,3.7047172453897678e-06,0,0.0007201970325037708
19,0,31,7,10435,87,0,41,4,1,1,263.05,0,0,2.724812457184861e-06,0,0.0007167619168624778
13,0,38,1,3965,83,41,31,3,1,1,325.92,0,0,2.197668756559711e-06,0,0.0007162642011379409
3,0,39,0,1620,48,46,24,3,1,2,250.72,0,0,2.8511836435660988e-06,0,0.0007148487631148923
7,0,36,0,4083,61,3,36,1,1,1,244.42,0,0,2.9149424542179736e-06,0,0.000712470234659957
7,0,35,0,2338,55,361,25,2,1,1,1732.185,0,0,4.1090971103488984e-07,0,0.0007117716378089706
1,0,39,0,2970,29,487,11,3,1,1,2067.96,0,0,3.389662150244473e-07,0,0.000700968574021956
0,0,26,1,1125,36,218,13,2,2,1,1033.245,0,0,6.720251268791513e-07,0,0.0006943666022222486
7,0,40,1,2860,55,185,27,2,1,1,963.675,0,0,7.193124608741016e-07,0,0.0006931834357328499
0,0,33,0,1605,41,33,18,3,1,2,197.84,0,0,3.4907959389955652e-06,0,0.0006906190685708827
9,0,37,0,15485,182,150,30,2,1,1,1380.015,0,0,4.997499302718988e-07,0,0.0006896624000241744
14,0,43,2,5000,97,20,32,3,1,1,283.88,0,0,2.415566492510796e-06,0,0.0006857310158939647
14,0,26,0,825,23,7,4,3,1,2,61.92,0,0,1.1073111936027828e-05,0,0.0006856470910788432
2,0,41,2,338,10,12,3,5,1,1,23.22,0,0,2.9503333963535546e-05,0,0.0006850674146332953
0,0,34,0,1363,19,0,4,3,1,1,55.28,0,0,1.2390248563592555e-05,0,0.0006849329405953965
10,0,42,2,6985,100,204,33,3,1,1,1099.4,0,0,6.186345263318009e-07,0,0.000680126798249182
6,0,37,0,1780,49,36,19,3,1,2,217.16,0,0,3.1228103913791918e-06,0,0.0006781495045919052
5,0,14,0,5377,124,53,40,1,2,1,594.055,0,0,1.1398530147773472e-06,0,0.000677135382693557
7,0,24,1,1955,36,43,20,3,1,1,251.64,0,0,2.6875417860289015e-06,0,0.0006762930150363127
13,0,17,0,8638,167,59,27,5,1,1,220.575,0,0,3.0405960066751927e-06,0,0.0006706794641723806
15,0,40,1,4865,78,21,22,3,1,1,281.72,0,0,2.3786119825682427e-06,0,0.0006701025677291254
0,0,34,0,1608,22,0,4,3,1,1,65.2,0,0,1.0258155082069432e-05,0,0.000668831711350927
2,0,30,0,15180,170,135,27,2,1,1,1298.25,0,0,5.127885857009534e-07,0,0.0006657277813862627
11,0,36,1,4740,87,7,23,3,1,1,221.08,0,0,3.0060848985248923e-06,0,0.0006645852493658832
18,0,24,5,3418,61,53,27,4,2,1,219.475,0,0,3.019633615570056e-06,0,0.0006627340877772381
0,0,33,0,6135,77,174,22,3,1,1,944.48,0,0,7.005946490903361e-07,0,0.0006616976341728407
8,0,34,0,2158,52,0,13,3,1,2,88.4,0,0,7.407118630417652e-06,0,0.0006547892869289205
23,0,18,2,9947,188,88,42,5,1,1,284.025,0,0,2.2949293330509654e-06,0,0.0006518173038198004
11,0,37,0,4603,71,2,33,1,1,1,268.07,0,0,2.4248848260567598e-06,0,0.0006500388753210356
1,0,31,0,4065,59,0,14,2,1,1,185.58,0,0,3.4954504268374113e-06,0,0.0006486856902124869
9,0,15,3,3257,50,32,17,3,1,1,260.28,0,0,2.4866162442237638e-06,0,0.0006472164760465612
1,0,30,0,3210,66,10,20,2,1,1,192.42,0,0,3.362645518260579e-06,0,0.0006470402506237006
0,0,23,0,1148,27,0,62,4,1,1,29.375,0,0,2.1867701345020128e-05,0,0.0006423637270099663
8,0,34,0,2273,52,348,19,3,1,1,1485.0,0,0,4.319345907445345e-07,0,0.0006414228672556337
22,1,39,5,10020,137,172,60,3,1,1,1094.28,0,0,5.81515688994632e-07,0,0.0006363409881530459
12,0,38,1,4443,69,7,35,1,1,1,286.66,0,0,2.2100011565212886e-06,0,0.0006335189315283926
5,0,42,2,598,14,19,8,5,1,1,37.68,0,0,1.6695093351077206e-05,0,0.0006290711174685891
0,0,29,1,1090,32,196,13,2,2,1,932.49,0,0,6.733811916891304e-07,0,0.0006279212274381972
5,0,34,1,3140,23,475,4,3,1,1,2026.52,0,0,3.0946548212225883e-07,0,0.0006271379888304
17,0,39,1,2948,67,375,29,3,1,1,1620.6,0,0,3.83968043978162e-07,0,0.0006222586120710093
10,0,44,2,2745,47,302,24,4,1,1,824.8,0,0,7.505185395614896e-07,0,0.0006190276914303166
0,0,30,0,5770,80,0,20,4,1,1,146.25,0,0,4.207206110620495e-06,0,0.0006153038936782475
0,0,32,0,2133,48,0,27,1,1,1,119.955,0,0,5.1134966202361675e-06,0,0.0006133894870804295
7,0,26,0,1100,34,23,16,2,1,1,154.53,0,0,3.958314721922266e-06,0,0.0006116783739786477
20,0,35,1,14720,213,15,26,2,1,1,739.485,0,0,8.223782064594725e-07,0,0.0006081363480036831
11,0,41,1,2533,62,369,28,3,1,1,1579.8,0,0,3.8385524607416786e-07,0,0.0006064145177479704
10,0,39,0,15190,178,136,17,2,1,1,1303.56,0,0,4.6136429202033816e-07,0,0.0006014160365060319
7,0,32,0,15485,176,142,29,2,1,1,1343.745,0,0,4.4578562806118436e-07,0,0.0005990222087790761
17,0,40,1,4693,73,17,40,1,1,1,355.63,0,0,1.684081824140484e-06,0,0.0005989100191190804
1,0,35,0,6223,68,92,32,2,1,1,697.095,0,0,8.584106945687893e-07,0,0.0005983938031304302
3,0,37,0,2278,52,0,29,1,1,1,128.15,0,0,4.592678786391076e-06,0,0.0005885517864760165
17,0,38,8,10210,89,4,44,4,2,1,267.475,0,0,2.191675830313291e-06,0,0.0005862184927130476
0,0,20,0,1010,24,178,8,2,2,1,847.53,0,0,6.795811225204913e-07,0,0.000575965388769792
11,0,34,3,1620,48,208,14,3,2,1,898.72,0,0,6.395997962324667e-07,0,0.0005748211288700424
7,0,21,2,2115,38,67,20,3,1,1,354.12,0,0,1.614758030162451e-06,0,0.0005718181136411271
20,0,46,2,4763,82,23,43,1,1,1,392.975,0,0,1.4533805521822583e-06,0,0.000571142222493823
0,0,24,0,1073,32,14,63,4,1,1,62.625,0,0,9.099631629726548e-06,0,0.0005698644308116251
1,0,38,0,2795,26,8,18,3,1,1,144.84,0,0,3.897931887947518e-06,0,0.0005645764546503185
0,0,32,0,2710,19,466,2,3,1,1,1973.16,0,0,2.858910367235605e-07,0,0.0005641087580214607
4,0,36,0,2590,52,166,20,2,1,1,865.89,0,0,6.465219176988746e-07,0,0.0005598168633162785
13,0,39,1,2513,63,364,26,3,1,1,1559.04,0,0,3.581310270258202e-07,0,0.0005583405963743347
1,0,34,0,7328,119,373,38,2,1,1,2013.615,0,0,2.7075098123650555e-07,0,0.0005451882370825461
8,0,38,1,6690,86,161,24,3,1,1,915.04,0,0,5.951588172237118e-07,0,0.0005445941241123852
10,0,16,3,3098,48,33,19,3,1,1,257.84,0,0,2.11164359253804e-06,0,0.0005444661839000081
14,0,34,7,9940,86,0,37,4,1,1,250.65,0,0,2.1671182396425835e-06,0,0.0005431881867664135
1,0,36,0,3035,24,478,6,3,1,1,2034.36,0,0,2.6594455291390557e-07,0,0.0005410269606659329
16,0,36,0,14235,209,26,15,3,1,1,681.76,0,0,7.93084967908506e-07,0,0.000540693607721303
6,0,37,1,2895,59,207,27,2,1,1,1064.43,0,0,5.074650761685148e-07,0,0.0005401610510260522
0,0,20,0,1183,31,13,62,4,1,1,62.85,0,0,8.556677485311714e-06,0,0.0005377871799518413
13,0,37,1,4323,64,7,32,1,1,1,279.785,0,0,1.9089055650596377e-06,0,0.0005340831435202108
5,0,38,0,2583,59,11,36,1,1,1,205.81,0,0,2.5856350784636746e-06,0,0.0005321495554986089
16,0,34,7,10130,87,0,40,4,1,1,255.425,0,0,2.083059294016996e-06,0,0.0005320654201742913
7,0,35,1,6725,90,183,24,3,1,1,1004.6,0,0,5.290321374598466e-07,0,0.000531465685292162
4,0,21,0,1875,34,39,19,2,1,1,261.405,0,0,2.029245730224017e-06,0,0.0005304549801092092
6,0,38,0,3598,56,0,20,1,1,1,200.97,0,0,2.6358389376296453e-06,0,0.0005297245512954299
5,0,32,0,11465,148,3,46,3,1,1,476.52,0,0,1.1090946280507092e-06,0,0.000528505772158724
3,0,37,0,1528,43,0,17,3,1,2,62.84,0,0,8.3381470102765e-06,0,0.0005239691581257753
12,0,42,3,3460,36,495,12,4,1,1,1324.9,0,0,3.9461501442580933e-07,0,0.0005228254326127548
10,0,36,2,4070,86,46,41,3,1,1,350.24,0,0,1.4927163334301648e-06,0,0.0005228089686205809
2,0,21,0,860,23,7,9,2,1,1,71.235,0,0,7.332919725797138e-06,0,0.0005223605366671591
21,0,35,7,10320,87,0,38,4,2,1,260.175,0,0,2.0025324480686133e-06,0,0.0005210088796762515
7,0,35,0,2393,57,354,22,2,1,1,1703.25,0,0,3.0558888465197614e-07,0,0.0005204942677834784
1,0,35,0,2590,53,200,25,2,1,1,1018.935,0,0,5.106118146048409e-07,0,0.0005202802493143836
12,0,46,0,1275,30,35,16,3,1,2,192.2,0,0,2.6973057717094797e-06,0,0.000518422169322562
8,0,38,0,3953,63,0,35,1,1,1,220.88,0,0,2.346161675800616e-06,0,0.0005182201909508401
8,0,38,1,6163,98,9,12,3,1,1,286.44,0,0,1.8072014603682794e-06,0,0.00051765478630789
5,0,33,0,13773,163,0,43,3,1,1,557.44,0,0,9.245901220397439e-07,0,0.0005154035176298349
7,0,37,0,15240,179,148,30,2,1,1,1359.855,0,0,3.7465135281601054e-07,0,0.000509471515383616
3,0,29,1,3305,63,18,27,3,1,1,206.72,0,0,2.4501084514594602e-06,0,0.0005064864190856996
6,0,36,2,4810,87,16,38,3,1,1,259.88,0,0,1.948137206929805e-06,0,0.0005062818973369178
6,0,36,1,3145,28,7,16,3,1,1,154.92,0,0,3.2601237202629897e-06,0,0.0005050583667431423
10,0,38,0,4198,66,1,35,1,1,1,240.02,0,0,2.0968570825013335e-06,0,0.0005032876369419701
9,0,36,1,4493,70,15,48,1,1,1,333.465,0,0,1.5001625285561706e-06,0,0.0005002516975849834
16,0,31,2,1610,40,36,19,2,1,1,236.25,0,0,2.112368226814658e-06,0,0.000499046993584963
5,0,41,0,305,6,7,2,3,1,2,40.44,0,0,1.2317114024394648e-05,0,0.0004981040911465196
18,0,29,2,1590,41,31,17,2,1,1,212.895,0,0,2.3383890226779865e-06,0,0.00049783133098303
2,0,32,0,15000,168,132,23,2,1,1,1276.56,0,0,3.8798310167817924e-07,0,0.0004952837082782965
8,0,39,0,2960,61,186,28,2,1,1,972.945,0,0,5.064991932574062e-07,0,0.0004927958575838271
4,0,26,0,1568,39,30,68,4,1,1,115.175,0,0,4.272165538204304e-06,0,0.0004920466658626807
4,0,36,0,4400,78,4,26,3,1,1,195.12,0,0,2.51569109292883e-06,0,0.0004908616460522733
9,0,22,0,700,19,2,6,2,1,2,41.355,0,0,1.1862124941956723e-05,0,0.0004905581769746203
11,0,40,0,15665,190,161,35,2,1,1,1437.975,0,0,3.395807548891134e-07,0,0.0004883086360116728
5,0,36,0,3893,60,0,33,1,1,1,217.415,0,0,2.209682477148729e-06,0,0.0004804181157692909
8,0,38,3,3695,37,504,23,3,1,1,2165.28,0,0,2.2059062652204481e-07,0,0.00047764047179565326
0,0,30,0,2395,45,158,17,2,1,1,820.8,0,0,5.807180178318724e-07,0,0.0004766533490364008
5,0,20,1,1400,22,14,2,2,1,1,126.99,0,0,3.711741740245219e-06,0,0.0004713540835937404
2,0,40,0,5693,91,10,14,2,1,1,305.28,0,0,1.538099438299396e-06,0,0.0004695509965240396
0,0,34,0,1475,44,63,22,3,1,2,312.76,0,0,1.4910761387441473e-06,0,0.0004663489731536195
9,0,45,0,1015,26,28,11,3,1,2,153.64,0,0,3.0328603037418203e-06,0,0.0004659686570668932
0,0,36,0,2790,21,476,6,3,1,1,2016.44,0,0,2.30352473434171e-07,0,0.0004644919415315998
5,0,33,1,2965,20,7,11,3,1,1,147.4,0,0,3.150549751631296e-06,0,0.0004643910333904531
4,0,27,1,1683,45,62,72,5,1,1,118.92,0,0,3.893998117986546e-06,0,0.0004630742561909601
2,0,36,0,3718,82,2,28,2,1,1,180.0,0,0,2.5519900426710877e-06,0,0.0004593582076807958
0,0,35,0,5813,59,80,20,2,1,1,624.24,0,0,7.316625757461903e-07,0,0.00045673304628380184
9,0,39,1,3103,69,10,33,2,1,1,187.74,0,0,2.426346609329454e-06,0,0.0004555223124355117
6,0,21,0,440,15,0,1,2,1,2,20.475,0,0,2.221744926581631e-05,0,0.00045490227371758893
10,0,13,3,4755,49,227,14,3,1,1,1100.16,0,0,4.127679478296106e-07,0,0.00045411078548422446
5,0,27,0,2930,57,7,10,3,1,1,147.48,0,0,3.0747204739333753e-06,0,0.00045345977549569416
0,0,21,0,930,28,176,5,2,2,1,835.11,0,0,5.417072159837941e-07,0,0.00045238511314022627
0,0,24,0,895,24,154,5,2,2,1,734.355,0,0,6.142341472451502e-07,0,0.00045106591720021227
2,0,38,0,2555,49,178,25,2,1,1,918.18,0,0,4.906859551050934e-07,0,0.00045053803025839464
0,0,34,2,633,8,18,15,5,1,1,36.615,0,0,1.2269400382568522e-05,0,0.00044924409500774647
6,0,9,0,5828,125,63,34,1,2,1,673.915,0,0,6.655953968734249e-07,0,0.0004485547218839541
0,0,29,0,3413,70,0,25,2,1,1,156.735,0,0,2.8511761474321857e-06,0,0.00044687909346778366
11,0,27,0,700,25,10,7,2,1,2,77.625,0,0,5.740823561884335e-06,0,0.0004456314289912715
24,1,38,9,10495,96,6,44,5,2,1,167.865,0,0,2.652010393963684e-06,0,0.0004451797247827138
8,0,30,2,1190,19,33,7,4,1,1,112.725,0,0,3.92487072693029e-06,0,0.0004424310526932169
12,0,26,0,1105,30,11,5,2,1,2,100.575,0,0,4.398363582609488e-06,0,0.0004423654173209493
7,0,43,3,643,16,19,5,5,1,1,38.385,0,0,1.1450214410841263e-05,0,0.0004395164801601419
15,0,40,2,2873,72,398,30,3,1,1,1709.8,0,0,2.5601938756013536e-07,0,0.0004377419488503194
1,0,37,0,5728,95,32,14,3,1,1,360.92,0,0,1.2116926860578734e-06,0,0.0004373241242520077
3,0,23,0,1235,34,183,7,2,2,1,880.605,0,0,4.954965785529525e-07,0,0.0004363367645566227
9,0,23,1,1520,36,33,26,2,1,1,218.52,0,0,1.991724734275325e-06,0,0.00043523168893384406
9,0,38,1,4213,89,18,33,3,1,1,244.08,0,0,1.7740700096266352e-06,0,0.00043301500794966916
12,0,42,2,2725,48,297,22,4,1,1,811.825,0,0,5.30190098779201e-07,0,0.0004304215769414248
16,0,13,1,9158,175,70,38,5,1,1,244.995,0,0,1.7477966694708234e-06,0,0.0004282014450370044
21,1,36,8,10435,93,1,42,5,1,1,159.42,0,0,2.6805062645807244e-06,0,0.00042732630869945907
21,1,36,8,10435,93,1,42,5,2,1,159.42,0,0,2.6805062645807244e-06,0,0.00042732630869945907
5,0,36,0,4310,68,0,15,2,1,1,197.01,0,0,2.1668705426993862e-06,0,0.0004268951656172061
22,0,23,2,9498,187,95,48,5,1,1,287.775,0,0,1.4805732787290352e-06,0,0.00042607197528624806
0,0,23,0,950,27,181,7,2,2,1,858.465,0,0,4.935625772547327e-07,0,0.0004237061978829841
0,0,33,0,1550,39,40,21,3,1,2,223.56,0,0,1.8929907552968075e-06,0,0.0004231970132541543
0,0,32,0,6060,100,243,16,2,2,1,1370.7,0,0,3.0796538435604586e-07,0,0.0004221281523368321
18,0,34,7,10375,90,0,40,4,1,1,261.625,0,0,1.6048843814150712e-06,0,0.000419877876287718
5,0,28,0,1130,16,28,5,4,1,2,98.65,0,0,4.255702233110206e-06,0,0.00041982502529632187
3,0,36,0,6385,80,154,22,3,1,1,874.6,0,0,4.779817947948382e-07,0,0.00041804287772756547
9,0,30,3,1735,48,232,17,3,2,1,999.32,0,0,4.1825661451813375e-07,0,0.00041797220002026144
2,0,22,0,1650,30,36,18,2,1,1,237.6,0,0,1.7514753114252516e-06,0,0.0004161505339946398
9,0,20,1,2190,33,44,19,3,1,1,264.92,0,0,1.564652091596455e-06,0,0.0004145076321057329
0,0,34,0,6660,99,18,25,4,1,1,213.975,0,0,1.929701258720544e-06,0,0.00041290782683472835
3,0,35,0,1958,53,343,19,2,1,1,1633.995,0,0,2.522617136744788e-07,0,0.00041219437883553
9,0,18,0,8627,171,74,39,5,1,1,242.97,0,0,1.6913362105874536e-06,0,0.00041094395908643363
3,0,20,0,740,18,1,6,2,1,1,38.61,0,0,1.0528776254277718e-05,0,0.0004065160511776627
8,0,38,0,15080,177,132,32,2,1,1,1280.565,0,0,3.1628110063642555e-07,0,0.0004050185076364843
9,0,27,0,455,22,8,7,2,1,1,57.465,0,0,7.032458905098542e-06,0,0.0004041202509814877
5,0,11,2,4505,45,213,9,3,1,1,1034.0,0,0,3.897483857938308e-07,0,0.000402999830910821
0,0,36,0,2278,53,4,34,1,1,1,150.205,0,0,2.679042559910119e-06,0,0.0004024055877112995
1,0,28,0,6785,91,6,21,4,1,1,186.9,0,0,2.1475896628395418e-06,0,0.00040138450798471036
0,0,33,0,7143,118,372,39,2,1,1,2000.745,0,0,2.0019446270844005e-07,0,0.0004005380702915979
4,0,35,0,11350,149,13,48,3,1,1,511.96,0,0,7.78840875264807e-07,0,0.0003987353745005706
10,0,39,2,6995,93,202,31,3,1,1,1091.52,0,0,3.631047070736869e-07,0,0.0003963360498650707
9,0,44,1,2620,49,300,24,3,1,1,1306.76,0,0,3.025542021132627e-07,0,0.00039536572915352717
7,0,38,1,6313,70,90,39,2,1,1,692.235,0,0,5.691975106770816e-07,0,0.0003940184388035496
0,0,32,0,3353,73,0,24,2,1,1,154.17,0,0,2.5353315871301835e-06,0,0.00039087207078786034
9,0,43,0,1195,28,31,15,3,1,2,172.92,0,0,2.2544129771497985e-06,0,0.00038983309200874315
16,1,42,5,7530,132,293,41,3,2,1,1478.48,0,0,2.607787840049391e-07,0,0.0003855562165756224
12,0,34,5,9530,77,0,25,4,1,1,240.175,0,0,1.6025726734667e-06,0,0.00038489789184986467
9,0,23,1,2180,40,46,21,3,1,1,272.8,0,0,1.4041925505447514e-06,0,0.0003830637277886082
0,0,12,1,2488,36,19,15,3,1,1,176.96,0,0,2.1630278096870905e-06,0,0.00038276940120222756
8,0,25,0,980,29,17,13,2,1,1,121.905,0,0,3.1385757816243836e-06,0,0.0003826080806589205
12,0,37,3,7318,85,129,52,2,1,1,913.635,0,0,4.1597869926275146e-07,0,0.0003800526989009239
8,0,39,0,2583,58,7,31,1,1,1,183.755,0,0,2.0547899269296736e-06,0,0.0003775779230229622
0,0,31,0,6725,94,9,20,4,1,1,192.975,0,0,1.9449155867222127e-06,0,0.00037532008534771897
15,0,35,7,9725,82,0,42,4,1,1,245.175,0,0,1.52638625089178e-06,0,0.0003742317490623922
11,0,32,2,1800,50,211,18,3,2,1,918.0,0,0,4.0737680423377573e-07,0,0.0003739719062866061
2,0,33,0,3095,21,475,7,3,1,1,2024.64,0,0,1.8324311939655904e-07,0,0.00037100134925504934
6,0,38,0,15360,184,154,33,2,1,1,1392.48,0,0,2.663994459602419e-07,0,0.00037095590051071766
4,0,26,0,1200,30,161,7,2,2,1,779.85,0,0,4.7262944655356914e-07,0,0.0003685800738948009
7,0,37,0,15295,181,141,27,2,1,1,1330.92,0,0,2.755297362552439e-07,0,0.0003667080365768292
5,0,29,1,1020,32,179,2,3,2,1,758.08,0,0,4.827689087284024e-07,0,0.00036597745432882735
8,0,26,2,2168,49,51,83,4,1,1,182.925,0,0,1.9947532128261223e-06,0,0.00036489023145621843
3,0,38,0,2393,58,2,33,1,1,1,145.805,0,0,2.498218761652403e-06,0,0.0003642527865427286
8,0,41,2,3145,34,15,17,4,1,1,116.975,0,0,3.0748457004877258e-06,0,0.0003596800758145517
19,0,36,8,10190,90,0,42,4,1,1,257.0,0,0,1.3921271872112223e-06,0,0.00035777668711328416
0,0,33,0,2650,22,25,16,3,1,1,206.88,0,0,1.726983759206129e-06,0,0.000357278400104564
18,0,16,1,9642,182,81,40,5,1,1,268.86,0,0,1.3197165014715065e-06,0,0.00035481897858562927
0,0,9,1,4145,37,213,10,3,1,1,1019.28,0,0,3.390190682744261e-07,0,0.000345555355910757
4,0,35,0,11405,151,6,45,3,1,1,486.24,0,0,7.067674039561763e-07,0,0.00034365858249965116
18,0,45,3,7283,91,130,45,2,1,1,916.83,0,0,3.7252897028124605e-07,0,0.0003415457358229548
9,0,21,0,1145,30,9,9,2,1,1,93.375,0,0,3.6564782947914963e-06,0,0.00034142366077615595
2,0,33,0,2088,51,347,20,2,1,1,1657.755,0,0,2.0528080480444368e-07,0,0.00034030528056859055
4,0,12,1,4570,48,226,15,3,1,1,1088.72,0,0,3.1154701141565984e-07,0,0.0003391874622684572
7,0,38,0,1993,51,6,17,3,1,1,105.76,0,0,3.203363399105705e-06,0,0.0003387877130894194
19,0,17,1,9427,178,89,45,5,1,1,277.575,0,0,1.2194662930209687e-06,0,0.00033849335628529536
8,0,37,0,2208,57,357,24,2,1,1,1708.425,0,0,1.9694266207469768e-07,0,0.0003364617674549654
5,0,34,1,2438,54,7,29,1,1,1,175.56,0,0,1.915689334024339e-06,0,0.0003363184194813129
7,0,23,0,1873,39,29,69,4,1,1,120.3,0,0,2.7886922737325026e-06,0,0.00033547968053002005
6,0,34,0,7813,127,383,44,2,1,1,2080.8,0,0,1.610985607354668e-07,0,0.0003352138851783593
0,0,29,0,6943,111,362,35,2,1,1,1946.43,0,0,1.682724588501833e-07,0,0.0003275305620797623
8,0,38,0,7698,127,359,41,2,1,1,1967.625,0,0,1.6607290566027127e-07,0,0.0003267692009997913
14,0,40,2,3890,87,30,27,3,1,1,279.08,0,0,1.1693225290425838e-06,0,0.00032633453140520425
9,0,38,0,2238,54,8,17,3,1,2,123.68,0,0,2.6282424203376763e-06,0,0.0003250610225473638
11,0,16,0,8527,166,55,42,5,1,1,212.895,0,0,1.4979705639783706e-06,0,0.0003189104432181752
4,0,35,0,15180,176,143,28,2,1,1,1334.52,0,0,2.3856942815439154e-07,0,0.0003183756732605986
2,0,18,0,1695,26,28,14,2,1,1,203.445,0,0,1.5641783186917279e-06,0,0.00031822425804623855
0,0,35,0,3355,54,0,15,2,1,1,153.405,0,0,2.069930836739494e-06,0,0.00031753774001002207
7,0,14,0,8743,171,98,42,5,1,1,280.71,0,0,1.1258158899383745e-06,0,0.0003160277784646011
14,0,29,6,10130,81,0,39,4,1,1,255.275,0,0,1.2372812358345712e-06,0,0.0003158469674776702
1,0,35,0,1475,43,29,17,3,1,2,176.72,0,0,1.7762409761743978e-06,0,0.0003138973053095396
0,0,37,0,1543,27,4,9,3,1,1,78.8,0,0,3.961404359276022e-06,0,0.0003121586635109505
2,0,40,0,1055,22,11,16,2,1,2,97.965,0,0,3.1743212918742626e-06,0,0.00031097238535846217
2,0,32,0,13513,159,0,38,3,1,1,546.88,0,0,5.646488128575335e-07,0,0.00030879514277552795
10,0,25,0,995,29,24,20,2,1,2,154.08,0,0,1.99053742354296e-06,0,0.0003067020062194993
9,0,16,3,4695,52,230,13,3,1,1,1109.88,0,0,2.738803351597035e-07,0,0.0003039743063870518
14,0,46,2,2925,55,307,26,4,1,1,842.0,0,0,3.6029271630165126e-07,0,0.00030336646712599035
20,0,32,7,10355,91,0,38,4,1,1,261.15,0,0,1.1591632092571748e-06,0,0.00030271547209751115
0,0,36,0,5790,75,161,26,3,1,1,878.6,0,0,3.4411492581499996e-07,0,0.00030233937382105895
5,0,30,1,1648,41,40,72,4,1,1,142.225,0,0,2.1212479856265367e-06,0,0.0003016944947557342
0,0,35,0,1940,27,246,12,3,1,1,1062.68,0,0,2.838242329108908e-07,0,0.0003016143358297455
0,0,31,0,2420,10,0,8,3,1,1,97.2,0,0,3.082218779779274e-06,0,0.00029959166539454544
4,0,35,0,8210,105,116,26,3,1,1,796.6,0,0,3.7447432269399183e-07,0,0.0002983062454580339
17,0,18,6,3758,61,59,36,3,2,1,388.76,0,0,7.652939874317863e-07,0,0.0002975156905539812
7,0,11,2,4695,46,222,12,3,1,1,1077.64,0,0,2.758728945963995e-07,0,0.00029729166613286397
6,0,37,1,2518,56,7,30,2,1,1,147.33,0,0,2.0136253154887064e-06,0,0.00029666741773095115
9,0,38,4,1243,20,32,19,5,1,1,66.945,0,0,4.3901285862239765e-06,0,0.00029389715820476406
11,0,38,1,3775,82,32,28,3,1,1,282.28,0,0,1.0374868899084907e-06,0,0.0002928617992833687
2,0,34,0,2313,56,0,29,1,1,1,130.295,0,0,2.2462133471937135e-06,0,0.00029267036807260487
16,0,39,1,3965,82,7,26,3,1,1,189.88,0,0,1.5291715491508872e-06,0,0.00029035909375277043
0,0,37,0,2385,16,458,8,3,1,1,1928.04,0,0,1.5031268028728508e-07,0,0.00028980886010109713
1,0,30,1,1010,36,194,10,2,2,1,920.07,0,0,3.137117778467362e-07,0,0.00028863679544344656
0,0,17,0,1505,26,53,16,2,1,1,307.395,0,0,9.388960323994768e-07,0,0.00028861194587943715
0,0,32,0,6075,86,0,22,4,1,1,154.025,0,0,1.8694846476869106e-06,0,0.00028794737285997644
3,0,18,0,920,20,4,10,1,1,1,73.7,0,0,3.9027344084340275e-06,0,0.00028763152590158785
8,0,20,0,1225,26,11,12,2,1,1,105.795,0,0,2.710984053896129e-06,0,0.000286808557981941
7,0,38,2,2993,68,23,48,2,1,1,241.245,0,0,1.1804097266896958e-06,0,0.0002847679445152557
15,0,41,2,4618,78,40,41,1,1,1,478.28,0,0,5.902709007412685e-07,0,0.00028231476640653387
3,0,39,1,2508,64,34,37,2,1,1,268.74,0,0,1.0474835612399557e-06,0,0.00028150073224762566
5,0,32,1,3763,78,7,24,2,1,1,204.345,0,0,1.3666774732508695e-06,0,0.0002792737082714489
0,0,16,0,1390,20,21,12,2,1,1,157.95,0,0,1.760025930838059e-06,0,0.0002779960957758714
7,0,40,1,2475,44,283,17,3,1,1,1232.76,0,0,2.2479487678352686e-07,0,0.00027711813230366057
11,0,27,1,930,28,7,2,2,1,1,74.61,0,0,3.7131791080490833e-06,0,0.0002770402932515421
2,0,35,0,14990,175,134,25,2,1,1,1285.425,0,0,2.1505908559524958e-07,0,0.0002764423251012737
8,0,37,0,2263,59,350,21,3,1,1,1492.88,0,0,1.8321595836538537e-07,0,0.00027351943992451653
5,0,39,0,7213,123,370,30,3,1,1,1773.44,0,0,1.5398235684211304e-07,0,0.00027307847091807694
5,0,39,3,758,16,43,8,5,1,1,76.11,0,0,3.5850286970663563e-06,0,0.00027285653413372036
5,0,39,0,6205,82,172,13,3,1,1,939.48,0,0,2.896609862039362e-07,0,0.000272130703318874
0,0,31,0,6480,91,7,20,4,1,1,181.775,0,0,1.4926233659072348e-06,0,0.0002713216123377876
5,0,37,0,7698,128,393,46,2,1,1,2120.67,0,0,1.275858698869785e-07,0,0.0002705675266932187
0,0,38,0,2495,17,462,7,3,1,1,1948.48,0,0,1.3729207489071596e-07,0,0.0002675108620830622
6,0,35,0,4190,63,0,12,3,1,1,170.12,0,0,1.5652225221096372e-06,0,0.0002662756554612915
11,0,39,2,3890,88,64,32,3,1,1,415.12,0,0,6.40021978972287e-07,0,0.00026568592391097576
6,0,37,1,6473,72,106,37,2,1,1,771.525,0,0,3.438133112236838e-07,0,0.00026526056494185265
0,0,9,1,4200,39,206,7,3,1,1,993.56,0,0,2.6665138155299637e-07,0,0.0002649341466557951
5,0,19,0,965,22,4,7,2,1,1,62.415,0,0,4.24427084662601e-06,0,0.00026490616489216245
0,0,33,0,3298,70,0,22,2,1,1,151.56,0,0,1.7387945242135914e-06,0,0.00026353169808981193
5,0,36,1,1913,28,7,6,4,1,1,66.025,0,0,3.940536940075536e-06,0,0.0002601739514684873
6,0,34,1,6805,86,185,27,3,1,1,1015.64,0,0,2.555180684736096e-07,0,0.00025951437106453687
1,0,34,0,1873,45,0,13,3,1,2,76.72,0,0,3.3820607333518036e-06,0,0.00025947169946275036
0,0,34,0,3603,77,4,29,2,1,1,183.6,0,0,1.4066875176521592e-06,0,0.0002582678282409364
7,0,28,0,1320,17,37,8,4,1,2,125.925,0,0,2.0503949956616107e-06,0,0.0002581959898286883
10,0,25,0,1225,32,19,13,2,1,1,142.065,0,0,1.8004289093187452e-06,0,0.00025577793300236753
8,0,19,1,2405,37,36,14,2,1,1,271.89,0,0,9.342017883005109e-07,0,0.0002540001242210259
9,0,37,0,8515,111,123,28,3,1,1,837.04,0,0,3.029987753451996e-07,0,0.00025362209491494586
0,0,35,0,3528,82,27,30,3,1,1,252.4,0,0,9.92224601285452e-07,0,0.0002504374893644481
9,0,39,0,3793,61,0,37,1,1,1,211.97,0,0,1.172455244441168e-06,0,0.0002485253381641944
6,0,37,1,6528,74,99,34,2,1,1,742.59,0,0,3.3243062798539214e-07,0,0.0002468596600356724
6,0,38,1,1973,31,7,8,4,1,1,67.6,0,0,3.641018748223677e-06,0,0.00024613286737992053
11,0,38,3,4623,98,30,45,3,1,1,308.84,0,0,7.95377053572371e-07,0,0.00024564424922529106
15,0,14,1,9058,169,69,37,5,1,1,241.905,0,0,1.0149245007405318e-06,0,0.00024551531135163834
0,0,23,0,2320,45,0,6,3,1,1,94.6,0,0,2.5832089375674484e-06,0,0.0002443715654938806
18,0,42,2,4563,75,13,39,1,1,1,326.59,0,0,7.46943056046076e-07,0,0.00024394413267408792
1,0,32,0,7508,121,376,42,2,1,1,2035.305,0,0,1.197002085211994e-07,0,0.00024362643290423973
15,0,40,1,4503,72,8,37,1,1,1,295.625,0,0,8.223094427733978e-07,0,0.00024309522901988574
16,0,30,7,10175,83,0,36,4,1,1,256.45,0,0,9.464406962640397e-07,0,0.00024271471655691297
9,0,38,1,3585,81,23,25,3,1,1,238.64,0,0,1.0131468999742044e-06,0,0.00024177737620984413
5,0,21,0,315,17,0,1,2,1,2,14.94,0,0,1.613446347172325e-05,0,0.00024104888426754536
12,0,42,2,3165,61,192,29,2,1,1,1009.17,0,0,2.3833120739226543e-07,0,0.0002405167045640525
0,0,35,0,1345,22,253,16,3,1,1,1066.68,0,0,2.250141565232787e-07,0,0.00024001810048025096
0,0,30,0,3333,74,0,22,2,1,1,153.315,0,0,1.5650551727177476e-06,0,0.00023994643380522148
5,0,22,0,805,20,0,7,1,1,1,45.375,0,0,5.218128004115167e-06,0,0.0002367725581867257
13,0,37,2,5933,104,58,28,3,1,1,473.48,0,0,4.999292779342719e-07,0,0.00023670651451631908
0,0,31,0,7248,117,369,37,2,1,1,1991.925,0,0,1.1812100070702613e-07,0,0.00023528817433334304
0,0,10,0,4265,42,219,13,3,1,1,1048.28,0,0,2.236295203450481e-07,0,0.00023442635358730704
10,0,44,3,3480,35,500,14,4,1,1,1337.875,0,0,1.750785396906533e-07,0,0.0002342332012886328
12,0,36,1,4595,75,7,15,3,1,1,214.8,0,0,1.0901428699067472e-06,0,0.00023416268845596932
0,0,31,0,7123,119,367,37,2,1,1,1977.39,0,0,1.1812100070702613e-07,0,0.00023357128558806642
6,0,35,0,15425,179,145,28,2,1,1,1354.68,0,0,1.7230551550595662e-07,0,0.00023341883574560932
0,0,29,0,10900,138,0,39,3,1,1,441.52,0,0,5.285861876137399e-07,0,0.00023338137355521845
0,0,29,0,14920,166,128,22,2,1,1,1254.87,0,0,1.8584188462724702e-07,0,0.00023320740576219344
0,0,36,0,1333,38,0,4,3,1,2,54.84,0,0,4.244083831500936e-06,0,0.00023274555731951136
0,0,26,0,605,25,168,11,2,2,1,784.35,0,0,2.953884501309512e-07,0,0.00023168793086021156
6,0,37,1,3585,82,57,30,3,1,1,374.68,0,0,6.172510619436233e-07,0,0.0002312716278890368
5,0,11,2,4450,43,220,12,3,1,1,1059.72,0,0,2.1751980696936183e-07,0,0.00023051008984157213
6,0,34,1,6538,67,97,32,2,1,1,733.725,0,0,3.1373132947682375e-07,0,0.0002301925197203825
10,0,42,0,1970,56,53,23,4,1,2,183.15,0,0,1.2563389448649292e-06,0,0.00023009847775201178
15,0,17,1,9047,176,71,39,5,1,1,244.845,0,0,9.378273201694498e-07,0,0.00022962233020688895
17,0,17,1,9238,177,80,42,5,1,1,261.225,0,0,8.754541289640757e-07,0,0.0002286905048386407
17,0,17,1,9237,177,80,42,5,1,1,261.21,0,0,8.754541289640757e-07,0,0.0002286773730267062
7,0,23,0,1165,29,14,11,2,1,1,116.73,0,0,1.9552400631992765e-06,0,0.00022823517257725156
1,0,27,0,1443,41,34,71,4,1,1,122.1,0,0,1.864785526616144e-06,0,0.00022769031279983116
0,0,29,0,5935,70,164,18,3,1,1,896.2,0,0,2.5139421461830453e-07,0,0.00022529949514092453
0,0,34,0,3413,76,0,26,2,1,1,157.005,0,0,1.4298993935417755e-06,0,0.00022450135428302644
0,0,33,0,3538,74,0,23,2,1,1,162.54,0,0,1.3733368548172516e-06,0,0.00022322217238199607
12,0,40,0,3480,78,18,15,3,1,1,214.32,0,0,1.0399662483405548e-06,0,0.0002228855663443477
14,0,40,2,3835,85,37,30,3,2,1,304.8,0,0,7.310302318260487e-07,0,0.00022281801466057964
4,0,36,0,15295,182,175,32,2,1,1,1483.965,0,0,1.4990262434157514e-07,0,0.00022245024793104555
17,0,42,2,2603,63,20,21,4,1,1,116.65,0,0,1.9060792550666612e-06,0,0.00022234414510352603
14,0,35,1,6223,103,27,22,2,1,1,406.17,0,0,5.372297813206431e-07,0,0.00021820662027900563
0,0,33,0,13288,155,0,37,3,1,1,537.72,0,0,4.0380837971749335e-07,0,0.00021713584194169055
1,0,32,0,13388,161,0,38,3,1,1,541.96,0,0,4.00033998364521e-07,0,0.0002168024257536358
1,0,36,0,2980,22,485,9,3,1,1,2060.08,0,0,1.0511510740027582e-07,0,0.00021654553045316022
12,0,16,1,9048,177,105,44,5,1,1,295.875,0,0,7.315135503806148e-07,0,0.00021643657171886442
0,0,37,0,2170,39,310,20,3,1,1,1328.36,0,0,1.6231023007366668e-07,0,0.00021560641722065586
14,0,46,3,3660,43,505,16,4,1,1,1355.075,0,0,1.5809606125918472e-07,0,0.00021423202021078974
4,0,25,0,205,18,0,2,2,1,2,10.035,0,0,2.1103990057238356e-05,0,0.0002117785402243869
0,0,34,0,7088,115,345,37,2,1,1,1876.635,0,0,1.1219919562950528e-07,0,0.00021055693749017664
14,0,15,1,9178,174,75,40,5,1,1,252.78,0,0,8.28558049277926e-07,0,0.00020944290369647413
6,0,41,0,2540,47,296,23,3,1,1,1287.48,0,0,1.6250962567107321e-07,0,0.00020922789285899334
26,0,40,2,14845,221,40,19,3,1,1,762.64,0,0,2.729699722709533e-07,0,0.0002081778196527198
4,0,38,1,3095,27,483,8,3,1,1,2056.88,0,0,1.0105548337827453e-07,0,0.00020785900265110532
0,0,35,0,1065,34,17,5,3,1,2,111.96,0,0,1.8556404734498175e-06,0,0.00020775750740744157
0,0,28,0,3153,66,0,20,2,1,1,144.855,0,0,1.4341094721613932e-06,0,0.0002077379275899386
0,0,31,0,5880,81,0,5,4,1,1,149.025,0,0,1.390458292925149e-06,0,0.00020721304710317033
0,0,34,0,2730,18,471,4,3,1,1,1993.92,0,0,1.0381212757164217e-07,0,0.00020699307740764875
16,0,40,2,4080,88,39,30,3,1,1,322.72,0,0,6.410883133605158e-07,0,0.00020689202048770569
5,0,40,1,2800,23,469,9,3,1,1,1988.92,0,0,1.0385595954156716e-07,0,0.00020656119505141376
13,0,40,3,7138,87,147,43,3,1,1,877.0,0,0,2.3522008980366766e-07,0,0.00020628801875781654
5,0,39,0,15260,178,153,32,2,1,1,1383.21,0,0,1.4846042810034282e-07,0,0.00020535194875267518
7,0,36,0,4138,63,0,33,1,1,1,231.055,0,0,8.824837309063534e-07,0,0.00020390227844456748
0,0,34,0,3223,75,0,23,2,1,1,148.41,0,0,1.3604933726794801e-06,0,0.00020191082143936165
4,0,36,1,6905,91,187,24,3,1,1,1027.84,0,0,1.9608330802294814e-07,0,0.000201542267318307
19,0,20,1,9418,185,91,47,5,1,1,280.545,0,0,7.176716267773713e-07,0,0.00020133918653425764
2,0,9,1,4390,40,215,10,3,1,1,1037.2,0,0,1.9369712550304484e-07,0,0.00020090265857175812
9,0,38,1,3530,79,30,28,3,1,1,264.36,0,0,7.595515224667712e-07,0,0.00020079504047931565
0,0,32,0,7023,113,366,36,2,1,1,1968.12,0,0,1.0177616924638885e-07,0,0.00020030771421720281
0,0,35,1,148,4,29,4,5,1,1,45.78,0,0,4.371269811967828e-06,0,0.00020011673199188718
4,0,14,2,4390,46,223,11,3,1,1,1069.44,0,0,1.8583258994993992e-07,0,0.00019873680499606376
0,0,30,0,3458,72,0,22,2,1,1,158.85,0,0,1.244805746182155e-06,0,0.00019773739278103534
3,0,37,0,2655,55,179,26,2,1,1,927.45,0,0,2.116440094415923e-07,0,0.0001962892365566048
15,0,17,1,8993,174,78,42,5,1,1,254.505,0,0,7.65617899057043e-07,0,0.0001948535833995127
13,0,27,0,890,26,19,10,2,1,2,126.72,0,0,1.5138777018928383e-06,0,0.00019183858238386046
12,0,33,2,3790,77,30,31,4,1,1,171.675,0,0,1.1157729886973608e-06,0,0.00019155032783461942
15,0,30,6,10050,85,0,36,4,1,1,253.375,0,0,7.556777530570706e-07,0,0.00019146985068083528
18,0,41,2,2818,69,371,28,3,1,1,1599.48,0,0,1.196069031263519e-07,0,0.00019130884941253733
6,0,25,0,395,19,3,5,2,1,2,32.13,0,0,5.936609548589291e-06,0,0.00019074326479617395
8,0,38,2,6833,81,140,41,2,1,1,941.13,0,0,2.0221920862720453e-07,0,0.000190314563815321
4,0,18,0,1885,27,37,17,2,1,1,252.54,0,0,7.400530280262079e-07,0,0.00018689299169773855
13,0,41,1,3955,90,43,33,3,1,1,333.8,0,0,5.563836088353159e-07,0,0.00018572084862922844
4,0,36,0,1933,48,1,15,3,1,2,83.24,0,0,2.22057878579719e-06,0,0.0001848409781297581
0,0,39,1,33,4,5,1,5,1,1,8.055,0,0,2.2855110608309977e-05,0,0.00018409791594993686
0,0,30,0,7203,115,369,40,2,1,1,1989.81,0,0,9.234198636554543e-08,0,0.00018374300789002595
0,0,25,0,710,4,0,1,4,1,2,17.85,0,0,1.0269192647696187e-05,0,0.00018330508876137697
8,0,39,0,11170,150,7,34,4,1,1,300.5,0,0,6.083900219149422e-07,0,0.00018282120158544013
0,0,25,0,1903,20,165,8,2,2,1,829.035,0,0,2.1912346767949539e-07,0,0.00018166102402767046
7,0,31,0,8730,113,127,37,3,1,1,861.72,0,0,2.0964383729204866e-07,0,0.00018065428747130418
0,0,8,1,4200,40,240,12,3,1,1,1129.6,0,0,1.5946883503488955e-07,0,0.00018013599605541122
0,0,37,0,1650,28,260,18,3,1,1,1107.12,0,0,1.6257447548466472e-07,0,0.000179989453298582
11,0,42,2,2758,67,14,37,2,1,1,190.125,0,0,9.465980522761023e-07,0,0.00017997195468899397
13,0,39,2,4733,99,17,30,3,1,1,261.28,0,0,6.799011527262718e-07,0,0.00017764457318432026
4,0,36,0,4455,80,0,23,3,1,1,181.4,0,0,9.777160025356393e-07,0,0.00017735768285996497
4,0,39,2,3210,33,515,12,4,1,1,1368.575,0,0,1.2823864002208488e-07,0,0.00017550419676822483
10,0,44,3,6805,98,201,29,4,1,1,675.075,0,0,2.592277434451824e-07,0,0.00017499816890625652
5,0,40,1,6413,75,109,36,2,1,1,782.46,0,0,2.229533403297219e-07,0,0.00017445207067439422
11,0,39,3,1353,21,19,4,5,1,1,49.11,0,0,3.542095772134296e-06,0,0.00017395232336951528
0,0,36,0,1540,46,42,23,3,1,2,231.44,0,0,7.490704030562e-07,0,0.00017336485408332692
0,0,34,0,6493,110,352,41,2,1,1,1881.135,0,0,9.214691374302692e-08,0,0.00017334078458398894
1,0,35,0,1420,41,36,20,3,1,1,202.44,0,0,8.49316134056669e-07,0,0.00017193555817843206
14,0,41,2,3408,75,17,35,2,1,1,233.235,0,0,7.279276301494036e-07,0,0.00016977820081789615
8,0,22,0,1045,24,8,8,2,1,1,84.105,0,0,2.010635146762852e-06,0,0.00016910446901848968
5,0,40,0,7688,135,395,48,2,1,1,2129.535,0,0,7.907091282339897e-08,0,0.0001683842763393769
0,0,31,0,6290,90,0,17,4,1,1,159.5,0,0,1.055386034114507e-06,0,0.00016833407244126386
6,0,35,0,15370,177,152,31,2,1,1,1383.615,0,0,1.2164205612717606e-07,0,0.0001683057734884027
13,0,28,2,4240,78,23,25,3,1,1,264.72,0,0,6.356340038406423e-07,0,0.00016826503349669485
8,0,34,0,8695,109,105,37,3,1,1,772.16,0,0,2.1690161328822394e-07,0,0.00016748274971663499
8,0,41,2,2813,70,41,39,2,1,1,314.235,0,0,5.306627516305294e-07,0,0.0001667528097586194
10,0,27,1,2278,50,38,68,4,1,1,153.2,0,0,1.0852856390089626e-06,0,0.00016626575989617305
6,0,39,0,2228,56,362,26,2,1,1,1731.78,0,0,9.578495342262094e-08,0,0.00016587846663822649
1,0,39,0,2235,41,289,21,3,1,1,1247.04,0,0,1.3215823661195925e-07,0,0.00016480660738457765
13,0,19,1,9013,173,83,44,5,1,1,262.29,0,0,6.187071109782141e-07,0,0.00016228068813847578
4,0,36,0,7913,132,385,41,2,1,1,2094.525,0,0,7.734671684043598e-08,0,0.00016200463209021417
1,0,35,0,2213,50,0,28,1,1,1,124.465,0,0,1.2989960891756362e-06,0,0.00016167954823924555
13,0,39,1,2568,65,357,23,3,1,1,1533.32,0,0,1.0526122570763675e-07,0,0.00016139914260203357
11,0,42,1,3040,63,190,29,2,1,1,994.635,0,0,1.6211710377583776e-07,0,0.0001612473455140804
2,0,24,1,1135,28,182,6,2,2,1,871.335,0,0,1.8493396888322243e-07,0,0.0001611394397768626
0,0,31,0,3718,76,0,27,2,1,1,170.73,0,0,9.421956051702008e-07,0,0.00016086105567070838
5,0,23,0,920,26,12,11,2,1,1,96.57,0,0,1.6560101968836828e-06,0,0.00015992090471305724
8,0,39,1,4485,77,37,21,3,1,1,330.48,0,0,4.806561866931889e-07,0,0.00015884725657836507
2,0,32,0,4255,73,0,19,3,1,1,173.12,0,0,9.153853725836178e-07,0,0.00015847151570167592
8,0,38,0,4008,65,0,32,1,1,1,224.015,0,0,6.974161466055929e-07,0,0.00015623167808185187
4,0,37,0,2798,63,3,31,1,1,1,173.855,0,0,8.983964173042706e-07,0,0.00015619070913043396
0,0,14,0,1330,17,16,10,2,1,1,132.615,0,0,1.1733147047243606e-06,0,0.0001555991295670211
16,0,44,2,4035,92,47,34,3,1,1,353.08,0,0,4.3707582575729763e-07,0,0.00015432273255838665
4,0,36,3,938,14,25,17,5,1,1,51.78,0,0,2.9694893182195633e-06,0,0.00015376015689740898
4,0,39,1,6493,71,111,39,2,1,1,794.88,0,0,1.924788852541997e-07,0,0.00015299761631085824
0,0,33,0,11100,145,0,43,3,1,1,449.8,0,0,3.395901751933892e-07,0,0.00015274766080198646
19,0,42,3,4140,91,44,32,3,1,1,345.24,0,0,4.414246446655474e-07,0,0.0001523974443243336
0,0,35,0,5595,70,158,9,3,1,1,858.6,0,0,1.752546639980698e-07,0,0.00015047365450874276
0,0,34,0,4005,62,0,13,2,1,1,183.015,0,0,8.191357578417761e-07,0,0.00014991413072141263
10,0,23,0,620,23,0,3,2,1,2,28.935,0,0,5.1475652050336445e-06,0,0.0001489447992076485
21,0,46,3,4340,98,54,36,3,1,1,393.52,0,0,3.7826211938540376e-07,0,0.0001488537092205441
10,0,41,0,2408,64,367,28,3,1,1,1566.88,0,0,9.450157804367519e-08,0,0.00014807263260507378
4,0,20,0,395,13,0,4,2,1,2,18.36,0,0,8.06323711976773e-06,0,0.00014804103351893553
7,0,23,0,1110,27,21,14,2,1,1,145.665,0,0,1.0110622957446462e-06,0,0.00014727638930964388
16,0,41,3,4195,94,71,34,3,1,1,455.56,0,0,3.22286821491428e-07,0,0.00014682098439863493
2,0,31,0,11205,144,0,41,3,1,1,453.96,0,0,3.185593880556704e-07,0,0.00014461321980175214
12,0,36,1,15610,180,146,27,2,1,1,1367.55,0,0,1.055726571900338e-07,0,0.00014437588734023072
7,0,42,1,5998,97,17,16,3,1,1,311.8,0,0,4.6028398059005853e-07,0,0.00014351654514798025
2,0,27,1,1125,35,184,8,2,2,1,880.2,0,0,1.629362588422685e-07,0,0.00014341649503296473
13,0,44,3,4900,91,19,31,3,1,1,275.64,0,0,5.170536414059085e-07,0,0.0001425206657171246
16,0,44,2,3345,69,197,31,2,1,1,1040.13,0,0,1.3693755668767345e-07,0,0.0001424328608375498
2,0,35,0,11160,148,4,45,3,1,1,468.32,0,0,3.036213740943385e-07,0,0.00014219196191586058
0,0,37,2,453,10,36,6,5,1,1,60.945,0,0,2.3142635320642105e-06,0,0.00014104279096165332
4,0,30,1,3225,67,16,24,3,1,1,195.68,0,0,7.195907080870079e-07,0,0.0001408095097584657
17,0,21,1,9193,181,88,46,5,1,1,272.61,0,0,5.15215962556612e-07,0,0.000140453023552558
3,0,36,0,7393,121,352,39,2,1,1,1922.13,0,0,7.252786336822124e-08,0,0.0001394079820159591
0,0,34,0,3658,79,0,26,2,1,1,168.165,0,0,8.264457509521566e-07,0,0.0001389792497088694
29,1,40,10,10800,102,13,46,5,2,1,183.03,0,0,7.576483322219071e-07,0,0.00013867237424657565
9,0,41,2,6798,77,118,41,2,1,1,840.375,0,0,1.605117811789012e-07,0,0.0001348900881082191
15,0,43,1,2713,70,374,30,3,1,1,1607.32,0,0,8.323233170636792e-08,0,0.00013378099139827926
7,0,44,0,970,24,28,14,3,1,2,151.76,0,0,8.7310669550232e-07,0,0.00013250267210943207
0,0,21,0,1055,26,178,5,2,2,1,849.645,0,0,1.5520119285585522e-07,0,0.0001318659175040131
5,0,40,0,1295,26,39,17,3,1,2,208.84,0,0,6.243557686849834e-07,0,0.00013039045873217194
5,0,25,0,1973,44,31,66,4,1,1,127.925,0,0,1.0103096844931469e-06,0,0.00012924386638878582
14,0,24,0,1005,25,9,8,2,1,2,86.85,0,0,1.4663072415005268e-06,0,0.00012734878392432075
5,0,35,0,13593,161,0,39,3,1,1,550.16,0,0,2.3107949423929824e-07,0,0.0001271306945506923
0,0,35,0,7013,120,368,38,2,1,1,1976.985,0,0,6.414611676073151e-08,0,0.00012681591064421478
12,0,17,0,5793,131,64,27,1,2,1,677.82,0,0,1.8697793630386473e-07,0,0.0001267373847854856
10,0,39,1,3370,77,14,30,3,1,1,193.88,0,0,6.528979978107573e-07,0,0.00012658386381554963
8,0,37,1,4428,93,10,28,3,1,1,220.84,0,0,5.66163182569004e-07,0,0.00012503147723853884
9,0,33,1,15530,178,142,26,2,1,1,1345.86,0,0,9.284867773467197e-08,0,0.0001249613214159856
0,0,35,0,6603,111,356,26,2,1,1,1904.13,0,0,6.536173494430143e-08,0,0.0001244572403594927
7,0,20,1,2000,32,35,16,3,1,1,221.28,0,0,5.569736130250968e-07,0,0.00012324712109019342
16,0,15,2,9533,181,94,55,5,1,1,286.71,0,0,4.249381092644124e-07,0,0.00012183400530719968
2,0,34,0,8100,104,112,41,3,1,1,776.16,0,0,1.5595188318891145e-07,0,0.00012104361365590551
8,0,16,3,2853,45,31,19,3,2,1,239.92,0,0,5.031515589238802e-07,0,0.00012071612201701733
2,0,36,0,1743,47,0,12,3,1,2,71.6,0,0,1.6687460564669417e-06,0,0.00011948221764303302
3,0,41,1,1668,31,8,7,4,1,1,62.475,0,0,1.9072153325314345e-06,0,0.00011915327789990138
12,0,40,3,3298,74,30,50,2,1,1,286.74,0,0,4.1358227648122755e-07,0,0.00011859058195822719
3,0,36,1,6528,75,133,39,2,1,1,895.635,0,0,1.3087617303415224e-07,0,0.00011721728123544295
10,0,33,6,9420,76,0,40,4,1,1,237.4,0,0,4.918702740802689e-07,0,0.00011677000306665585
14,0,20,1,8932,177,81,41,5,1,1,258.135,0,0,4.5057591475633796e-07,0,0.0001163094137556273
17,0,43,1,4683,80,19,42,1,1,1,366.465,0,0,3.161760248532921e-07,0,0.00011586744694786168
1,0,10,1,3985,35,197,12,3,1,1,948.8,0,0,1.2192072867755332e-07,0,0.00011567838736926259
8,0,39,2,6805,92,193,28,3,1,1,1047.88,0,0,1.0825259677570437e-07,0,0.0001134357311093251
3,0,41,0,5613,95,8,11,3,1,1,260.32,0,0,4.3311137819510437e-07,0,0.00011274755397174956
10,0,29,2,3590,70,20,27,3,1,1,226.4,0,0,4.96208426577176e-07,0,0.00011234158777707263
8,0,17,4,2968,51,63,23,3,2,1,372.76,0,0,3.0051731820136753e-07,0,0.00011202083553274176
21,1,40,8,10390,97,9,46,5,2,1,170.805,0,0,6.500311183003325e-07,0,0.0001110285651612883
17,0,44,2,2758,72,374,27,3,1,1,1609.2,0,0,6.876664420831403e-08,0,0.00011065928386001894
0,0,34,0,14470,165,118,28,2,1,1,1189.575,0,0,9.286773594936873e-08,0,0.00011047313699197031
0,0,30,0,6195,74,171,23,3,1,1,934.76,0,0,1.1727221118868812e-07,0,0.0001096213721307381
0,0,35,0,7393,122,386,44,2,1,1,2075.175,0,0,5.268189851250554e-08,0,0.00010932415874568869
7,0,35,1,3400,27,482,9,3,1,1,2065.08,0,0,5.2797415955481854e-08,0,0.00010903088774134646
0,0,35,0,7448,124,379,41,2,1,1,2046.24,0,0,5.268189851250554e-08,0,0.00010779980801222934
3,0,37,0,7508,127,384,43,2,1,1,2071.575,0,0,5.1875211728372887e-08,0,0.00010746339173620405
0,0,31,0,2790,15,468,5,3,1,1,1984.2,0,0,5.4040145672579315e-08,0,0.00010722645704353188
0,0,35,0,7203,121,377,41,2,1,1,2026.08,0,0,5.268189851250554e-08,0,0.00010673774093821721
0,0,22,0,2210,44,0,21,3,1,1,90.16,0,0,1.1830704986852734e-06,0,0.00010666563616146426
12,0,25,0,1415,33,28,16,2,1,1,191.16,0,0,5.54894653980788e-07,0,0.00010607366205496743
6,0,38,1,3285,28,492,11,3,1,1,2100.52,0,0,5.0496715874408176e-08,0,0.00010606936162851186
6,0,25,0,625,22,0,2,2,1,1,29.115,0,0,3.6297528864873543e-06,0,0.00010568025529007931
5,0,24,0,1035,32,44,15,2,1,1,246.015,0,0,4.285625689848922e-07,0,0.00010543282040881825
8,0,16,3,2852,45,31,19,3,1,1,239.88,0,0,4.37700587909689e-07,0,0.0001049956170277762
17,0,18,2,9353,183,112,46,5,1,1,311.04,0,0,3.3267876726181244e-07,0,0.00010347640376911416
18,0,21,2,9318,179,90,46,5,1,1,277.455,0,0,3.727769188946131e-07,0,0.00010342882003190487
3,0,24,1,1863,43,44,81,4,1,1,157.65,0,0,6.548753270422021e-07,0,0.00010324109530820317
10,0,43,1,2878,72,20,40,2,1,1,222.75,0,0,4.6329519344098383e-07,0,0.00010319900433897915
7,0,40,1,2420,42,290,20,3,1,1,1258.48,0,0,8.163081004677051e-08,0,0.00010273074182765975
1,0,33,1,6540,94,12,22,4,1,1,195.85,0,0,5.235950208393049e-07,0,0.00010254608483137786
0,0,21,0,1390,26,29,13,2,1,1,194.22,0,0,5.256932923543622e-07,0,0.00010210015124106422
19,0,22,2,9237,183,88,43,5,1,1,273.3,0,0,3.727769188946131e-07,0,0.00010187993193389776
3,0,36,0,4065,65,0,15,2,1,1,185.85,0,0,5.416339505570591e-07,0,0.00010066266971102944
20,0,19,2,9298,180,85,44,5,1,1,269.67,0,0,3.727769188946131e-07,0,0.00010052675171831031
18,0,45,3,4080,94,47,31,3,1,1,354.96,0,0,2.7311207837733037e-07,0,9.694386334081718e-05
5,0,37,0,3065,71,7,28,3,1,1,153.44,0,0,6.283447677474333e-07,0,9.641322116316616e-05
0,0,31,0,3233,68,0,21,2,1,1,148.545,0,0,6.490342106514422e-07,0,9.641078682121847e-05
6,0,30,0,8810,109,129,40,3,1,1,872.76,0,0,1.1006515162881981e-07,0,9.606046173556878e-05
3,0,36,0,14775,171,125,30,2,1,1,1235.07,0,0,7.752353088745839e-08,0,9.574698729317323e-05
4,0,38,1,1728,28,5,8,4,1,1,56.4,0,0,1.696334222607392e-06,0,9.567325015505691e-05
5,0,37,0,14885,172,129,15,2,1,1,1258.065,0,0,7.52893264297307e-08,0,9.471886645481916e-05
11,0,45,3,3400,39,498,11,4,1,1,1330.975,0,0,7.086798302575003e-08,0,9.432351370769763e-05
0,0,36,0,3465,55,0,10,2,1,1,158.4,0,0,5.939000976145313e-07,0,9.407377546214176e-05
0,0,36,0,2088,52,0,31,1,1,1,117.7,0,0,7.96973926006162e-07,0,9.380383109092527e-05
5,0,35,1,3843,80,7,25,3,1,1,184.92,0,0,5.049094983382603e-07,0,9.33678644327111e-05
0,0,32,0,6015,72,168,19,3,1,1,915.48,0,0,1.0156355748367759e-07,0,9.297940560515716e-05
19,0,39,3,3358,76,387,41,3,1,1,1685.36,0,0,5.4396403534226643e-08,0,9.16775226604442e-05
9,0,38,1,4760,86,7,25,3,1,1,221.84,0,0,4.122784222492007e-07,0,9.14598451917627e-05
3,0,39,0,2475,53,176,22,2,1,1,905.76,0,0,1.0094535813965385e-07,0,9.143226758857287e-05
6,0,40,1,3100,32,15,20,3,1,1,185.28,0,0,4.874115768300919e-07,0,9.030761695507943e-05
1,0,31,0,11080,146,0,41,3,1,1,449.04,0,0,1.99684564318955e-07,0,8.966635676178356e-05
8,0,15,3,4775,48,232,16,3,1,1,1120.92,0,0,7.991003227310534e-08,0,8.957275337556925e-05
21,0,17,3,9838,187,101,57,5,1,1,301.875,0,0,2.963721066323622e-07,0,8.946732968964433e-05
3,0,36,2,3390,31,497,21,3,1,1,2124.84,0,0,4.183590036591136e-08,0,8.88945945335031e-05
0,0,15,0,680,9,0,12,2,1,1,31.005,0,0,2.8305464933617545e-06,0,8.776109402668119e-05
11,0,28,6,9870,77,0,34,4,2,1,248.675,0,0,3.516241888036514e-07,0,8.7440145150748e-05
3,0,39,1,935,17,5,13,2,1,1,65.34,0,0,1.3379833675704388e-06,0,8.742383323705248e-05
10,0,40,0,1943,50,7,4,3,1,2,107.72,0,0,8.065205930275618e-07,0,8.687839828092895e-05
13,0,41,2,4790,83,44,23,3,1,1,370.92,0,0,2.335919788573091e-07,0,8.664393679775309e-05
7,0,38,0,3175,72,11,13,3,1,1,173.88,0,0,4.926315341801459e-07,0,8.565877116324376e-05
2,0,35,0,13353,157,0,38,3,1,1,540.4,0,0,1.578025389763898e-07,0,8.527649206284105e-05
0,0,31,1,5950,99,239,31,2,2,1,1347.705,0,0,6.278964885384447e-08,0,8.462192370857046e-05
19,0,37,2,6528,109,34,24,2,1,1,451.665,0,0,1.870687356359641e-07,0,8.449240048101772e-05
9,0,44,2,2778,66,19,39,2,1,1,213.48,0,0,3.9185536070678935e-07,0,8.365328240368539e-05
0,0,37,0,2535,22,1,13,3,1,1,106.28,0,0,7.813239420045622e-07,0,8.303910855624487e-05
3,0,14,2,2548,39,24,17,3,1,1,199.48,0,0,4.1540346187074276e-07,0,8.286468257397576e-05
3,0,14,2,2547,39,24,17,3,1,1,199.44,0,0,4.1540346187074276e-07,0,8.284806643550093e-05
2,0,34,0,11045,142,0,41,3,1,1,447.48,0,0,1.8496336617169886e-07,0,8.276740709451182e-05
18,0,46,2,4935,87,27,25,3,1,1,308.88,0,0,2.64745424132923e-07,0,8.177456660617725e-05
6,0,34,1,3943,86,7,26,3,1,1,189.16,0,0,4.3172703589492764e-07,0,8.166548610988451e-05
7,0,37,0,4400,77,0,21,3,1,1,179.08,0,0,4.557613255166583e-07,0,8.161773817352318e-05
12,0,26,2,2260,42,50,22,3,1,1,292.08,0,0,2.785942217128812e-07,0,8.137180027789834e-05
14,0,45,3,4820,95,17,28,4,1,1,165.375,0,0,4.911153267157624e-07,0,8.12181971556192e-05
10,0,26,1,1340,38,51,17,2,1,1,291.51,0,0,2.7851128793296156e-07,0,8.118882554533763e-05
9,0,41,1,4203,96,20,35,3,1,1,251.96,0,0,3.170443505127891e-07,0,7.988249455520234e-05
0,0,19,0,1570,28,32,17,2,1,1,215.91,0,0,3.6645720810278723e-07,0,7.912177580147279e-05
6,0,36,2,4318,92,23,43,3,1,1,268.4,0,0,2.9436132432165804e-07,0,7.900657944793302e-05
5,0,8,0,8627,159,58,37,4,1,1,364.65,0,0,2.1538674552509023e-07,0,7.854077675572414e-05
9,0,38,1,4705,84,11,28,3,1,1,235.56,0,0,3.326011953009255e-07,0,7.8347537565086e-05
1,0,34,1,4013,86,16,41,2,1,1,256.455,0,0,3.0455542075855583e-07,0,7.810476043063544e-05
15,0,43,1,4855,85,23,24,3,1,1,289.6,0,0,2.6904092735677007e-07,0,7.791425256252062e-05
1,0,37,0,7263,124,382,43,2,1,1,2051.415,0,0,3.741560230078381e-08,0,7.675492779386241e-05
2,0,25,0,3225,61,8,23,3,1,1,163.44,0,0,4.687364836057364e-07,0,7.661029088052156e-05
3,0,37,0,4180,71,30,19,3,1,1,290.04,0,0,2.640572072114745e-07,0,7.658715237961608e-05
1,0,37,0,7318,126,375,40,2,1,1,2022.48,0,0,3.741560230078381e-08,0,7.567230734128924e-05
25,0,37,2,15025,219,22,28,3,1,1,697.76,0,0,1.0805220387263594e-07,0,7.539450577417045e-05
2,0,7,0,8368,155,51,32,4,1,1,340.575,0,0,2.213467403453353e-07,0,7.538516609311257e-05
0,0,32,1,6595,97,39,24,5,1,1,158.88,0,0,4.73701867638286e-07,0,7.526175273037087e-05
0,0,31,0,6115,78,169,20,3,1,1,923.72,0,0,8.094353153514935e-08,0,7.476915894964816e-05
9,0,32,2,3530,73,23,26,4,1,1,147.575,0,0,5.054369407663285e-07,0,7.458985653359092e-05
13,0,41,1,3265,67,193,30,2,1,1,1018.44,0,0,7.217003971839174e-08,0,7.350085525079889e-05
13,0,32,6,10070,84,0,38,4,1,1,253.85,0,0,2.887935857807163e-07,0,7.331025175043483e-05
13,0,40,1,4675,77,12,19,3,1,1,238.08,0,0,3.0748063081013996e-07,0,7.320498858327813e-05
15,0,41,2,5818,104,34,25,3,1,1,372.88,0,0,1.9495879558209146e-07,0,7.269623569665026e-05
7,0,36,1,4665,75,19,30,2,1,1,298.8,0,0,2.419398351573242e-07,0,7.229162274500846e-05
6,0,16,3,2608,42,29,19,3,1,1,222.0,0,0,3.253282606227217e-07,0,7.222287385824422e-05
2,0,19,1,1810,32,60,18,3,1,1,313.68,0,0,2.3011281858642682e-07,0,7.218178893419036e-05
17,0,27,1,1720,39,35,18,2,1,1,236.655,0,0,3.045979748854177e-07,0,7.208463374650853e-05
0,0,18,0,1095,16,7,6,2,1,1,81.495,0,0,8.811828819688842e-07,0,7.181199896605423e-05
4,0,37,0,2048,54,33,19,3,1,2,216.08,0,0,3.322973869841852e-07,0,7.180281937954273e-05
8,0,39,0,1833,49,0,19,3,1,2,75.28,0,0,9.47363812168548e-07,0,7.131754778004829e-05
10,0,35,0,14078,169,0,45,3,1,1,569.88,0,0,1.2441191475681245e-07,0,7.089986198161228e-05
17,0,34,1,14775,216,42,28,2,1,1,863.595,0,0,8.173834376162868e-08,0,7.058882498082372e-05
7,0,39,0,4073,68,5,38,1,1,1,255.255,0,0,2.764803695065604e-07,0,7.057299671839707e-05
13,0,35,1,15710,186,147,28,2,1,1,1376.82,0,0,5.107261899539096e-08,0,7.031780328523419e-05
6,0,36,2,6625,84,182,23,3,1,1,996.36,0,0,6.995971239275953e-08,0,6.970505903964989e-05
23,0,33,2,15140,219,46,31,3,1,1,798.36,0,0,8.619393838458411e-08,0,6.881379264871657e-05
0,0,35,0,6440,83,181,24,3,1,1,984.92,0,0,6.979594450183426e-08,0,6.874342165874659e-05
11,0,37,1,4495,69,7,14,3,1,1,210.56,0,0,3.2570061917214635e-07,0,6.857952237288714e-05
11,0,41,3,6865,95,198,30,3,1,1,1070.4,0,0,6.397725782312828e-08,0,6.848125677387652e-05
0,0,30,0,13208,153,0,36,3,1,1,534.44,0,0,1.2810070120520913e-07,0,6.846213875211197e-05
3,0,15,3,2663,45,56,21,3,1,1,332.32,0,0,2.0204961715979179e-07,0,6.714512877454201e-05
13,0,22,4,3113,55,46,25,3,1,1,310.72,0,0,2.1244640273466624e-07,0,6.60113462577155e-05
13,0,21,2,2710,43,43,16,3,1,1,282.12,0,0,2.2947561430590927e-07,0,6.473966030798313e-05
9,0,41,0,15440,186,158,34,2,1,1,1414.17,0,0,4.54958998226993e-08,0,6.433893665226667e-05
10,0,16,0,5682,130,60,42,1,2,1,649.66,0,0,9.795344803690704e-08,0,6.363643705165703e-05
28,0,40,4,15255,230,52,31,3,1,1,827.4,0,0,7.545094441208009e-08,0,6.242811140655506e-05
7,0,40,2,3210,32,481,7,3,1,1,2053.68,0,0,3.0377909674884085e-08,0,6.238650554111595e-05
8,0,44,0,1095,22,30,14,3,1,2,164.68,0,0,3.787934852944407e-07,0,6.237971115828849e-05
5,0,37,1,6745,89,188,26,3,1,1,1025.36,0,0,6.077115314456851e-08,0,6.231230958831476e-05
0,0,27,0,3000,57,11,25,3,1,1,166.28,0,0,3.6668476418630926e-07,0,6.09723425888995e-05
7,0,26,0,3415,61,7,21,3,1,1,167.04,0,0,3.6455803213532753e-07,0,6.0895773687885106e-05
23,0,35,3,14960,217,43,27,3,1,1,779.08,0,0,7.701785316326457e-08,0,6.0003069042436164e-05
3,0,23,0,335,16,0,3,2,1,2,15.795,0,0,3.7886822342188127e-06,0,5.984223588948615e-05
16,0,44,2,4583,74,18,41,1,1,1,355.135,0,0,1.6770564386682616e-07,0,5.9558143834645306e-05
3,0,13,2,4470,42,225,14,3,1,1,1080.48,0,0,5.486084064571577e-08,0,5.927604110088297e-05
12,0,40,3,11885,166,50,53,4,1,1,426.275,0,0,1.3735020659334886e-07,0,5.854895931557978e-05
7,0,15,2,4650,50,230,16,3,1,1,1108.0,0,0,5.2717023219243506e-08,0,5.8410461726921804e-05
1,0,38,0,2148,55,0,33,1,1,1,121.165,0,0,4.803009015905587e-07,0,5.8195658741220054e-05
2,0,35,0,4095,71,0,19,3,1,1,166.64,0,0,3.445609015599629e-07,0,5.741762863595221e-05
15,0,42,3,4880,92,14,29,4,1,1,159.3,0,0,3.5990821452236885e-07,0,5.733337857341336e-05
9,0,44,2,3355,37,498,14,3,1,1,2127.68,0,0,2.6769170413759204e-08,0,5.695622850594718e-05
30,0,40,4,15445,231,61,34,3,2,1,871.04,0,0,6.536017459429717e-08,0,5.69313264786166e-05
30,0,40,4,15445,231,61,34,3,1,1,871.04,0,0,6.536017459429717e-08,0,5.69313264786166e-05
12,0,40,2,4820,89,9,27,3,1,1,232.36,0,0,2.4299543607508524e-07,0,5.646241952640681e-05
28,0,40,4,15200,228,59,34,3,1,1,853.12,0,0,6.536017459429717e-08,0,5.57600721498868e-05
0,0,30,0,11160,142,0,44,3,1,1,452.08,0,0,1.2124167857409036e-07,0,5.481093804977477e-05
15,0,44,3,7023,87,123,40,3,1,1,776.4,0,0,7.055337091274424e-08,0,5.477763717665463e-05
12,0,41,0,4378,74,12,40,1,1,1,310.86,0,0,1.758511109298126e-07,0,5.466507634364155e-05
5,0,40,1,6680,94,197,31,3,1,1,1058.96,0,0,5.1507470612372194e-08,0,5.454435107967766e-05
0,0,35,0,6385,81,188,27,3,1,1,1010.64,0,0,5.3608058112305595e-08,0,5.417844785062052e-05
10,0,45,2,2698,70,17,36,2,1,1,201.06,0,0,2.6904801003938986e-07,0,5.4094792898519724e-05
4,0,36,0,13713,166,0,42,3,1,1,555.16,0,0,9.707943598749008e-08,0,5.3894619682814986e-05
4,0,36,0,13658,164,2,45,3,1,1,560.88,0,0,9.561949726967817e-08,0,5.3631063628617093e-05
0,0,32,0,10980,140,0,40,3,1,1,444.8,0,0,1.1975045758074505e-07,0,5.32650035319154e-05
11,0,39,2,3200,65,214,29,3,1,1,986.6,0,0,5.3884734339559716e-08,0,5.3162678899409614e-05
6,0,39,1,6033,101,39,16,3,1,1,401.36,0,0,1.3189042107288003e-07,0,5.293553940181113e-05
3,0,39,1,2690,22,465,10,3,1,1,1968.48,0,0,2.688900493002855e-08,0,5.29304684246626e-05
0,0,35,0,3008,71,0,28,2,1,1,138.555,0,0,3.8046946703156187e-07,0,5.271594700455806e-05
0,0,18,0,1450,23,26,14,2,1,1,183.285,0,0,2.86287705300837e-07,0,5.2472242066063905e-05
13,0,18,4,3158,51,38,21,3,2,1,280.36,0,0,1.8702337141119322e-07,0,5.243387240884213e-05
13,0,18,4,3157,51,38,21,3,1,1,280.32,0,0,1.8702337141119322e-07,0,5.2426391473985684e-05
17,0,42,1,2938,74,377,31,3,1,1,1628.48,0,0,3.216088715922836e-08,0,5.237336152106021e-05
2,0,38,1,2905,26,474,5,3,1,1,2013.24,0,0,2.5963027007303784e-08,0,5.226980449218427e-05
0,0,37,0,1440,40,41,22,3,1,2,223.2,0,0,2.3308792118945425e-07,0,5.202522400948618e-05
8,0,38,0,4370,71,5,17,3,1,1,197.64,0,0,2.604674343257252e-07,0,5.1478783720136325e-05
7,0,36,1,2618,62,7,31,2,1,1,152.1,0,0,3.372044410569192e-07,0,5.1288795484757405e-05
20,0,45,2,3018,76,381,32,3,1,1,1647.76,0,0,3.068346126526111e-08,0,5.0558980134446646e-05
7,0,40,2,3225,30,17,20,3,1,1,198.2,0,0,2.53028870842469e-07,0,5.015032220097735e-05
6,0,40,0,15180,182,151,29,2,1,1,1370.79,0,0,3.6515569708165064e-08,0,5.0055177800255585e-05
1,0,26,0,2820,56,0,25,3,1,1,115.04,0,0,4.3029232525109417e-07,0,4.9500829096885876e-05
9,0,41,2,2780,51,324,24,4,1,1,880.775,0,0,5.550305198475532e-08,0,4.888570061187287e-05
13,0,19,5,3273,57,70,25,4,1,1,258.25,0,0,1.885218066459324e-07,0,4.8685756566312046e-05
6,0,34,0,13693,167,0,40,3,1,1,554.4,0,0,8.765995147648135e-08,0,4.859867709856126e-05
5,0,38,1,2638,61,7,33,2,1,1,152.955,0,0,3.1632440141066613e-07,0,4.838339881776844e-05
1,0,32,0,4130,75,0,19,3,1,1,168.2,0,0,2.859964411024355e-07,0,4.810460139342965e-05
0,0,34,0,2813,66,0,11,2,1,1,129.555,0,0,3.706939248992417e-07,0,4.8025251440321263e-05
1,0,40,0,1623,29,8,10,3,1,1,98.08,0,0,4.875667659519739e-07,0,4.78205484045696e-05
9,0,30,1,3710,75,26,30,3,1,1,255.4,0,0,1.8640580083533788e-07,0,4.7608041533345294e-05
9,0,20,4,2933,47,41,23,3,1,1,283.2,0,0,1.6565052558812132e-07,0,4.691222884655596e-05
11,0,23,0,745,21,7,3,2,1,2,65.97,0,0,7.106492314516933e-07,0,4.688152979886821e-05
13,0,46,2,2958,74,24,41,2,1,1,244.44,0,0,1.9038202516338421e-07,0,4.6536982230937634e-05
5,0,14,2,2737,40,33,20,3,1,1,243.08,0,0,1.9021708437933863e-07,0,4.6237968870929637e-05
26,0,33,2,15780,234,7,67,2,1,1,752.13,0,0,6.146822831689828e-08,0,4.6232098563988704e-05
7,0,40,2,3155,30,488,10,3,1,1,2079.4,0,0,2.1717385545805173e-08,0,4.515913150394728e-05
11,0,18,4,2967,50,29,18,3,1,1,236.68,0,0,1.907966955558266e-07,0,4.5157761904153044e-05
0,0,35,0,6195,80,179,24,3,1,1,967.0,0,0,4.648813423067595e-08,0,4.495402580106365e-05
9,0,41,3,3515,39,522,14,4,1,1,1393.85,0,0,3.2196418142690337e-08,0,4.4876977428188925e-05
0,0,34,0,6080,74,147,20,3,1,1,834.16,0,0,5.368673717440655e-08,0,4.4783328681402965e-05
2,0,37,0,3660,60,0,17,2,1,1,167.4,0,0,2.661043508802788e-07,0,4.4545868337358677e-05
5,0,39,0,4245,73,9,20,2,1,1,234.81,0,0,1.8903526137548313e-07,0,4.4387369723577194e-05
2,0,36,0,4210,77,0,23,3,1,1,171.48,0,0,2.570261198756095e-07,0,4.407483903626951e-05
4,0,42,0,2315,43,293,22,3,1,1,1266.32,0,0,3.47916588934637e-08,0,4.4057373489970954e-05
0,0,36,0,3528,81,0,25,2,1,1,162.405,0,0,2.6991335816380237e-07,0,4.3835278932592325e-05
15,0,44,1,4458,76,16,41,1,1,1,337.37,0,0,1.2763957350237035e-07,0,4.306176291249469e-05
6,0,37,2,1048,15,12,2,5,1,1,33.945,0,0,1.2595014310134007e-06,0,4.2753776075749884e-05
6,0,39,2,6615,91,184,25,3,1,1,1004.24,0,0,4.235173368921132e-08,0,4.253130504005358e-05
3,0,22,1,1775,28,38,18,2,1,1,252.135,0,0,1.6639524524686e-07,0,4.195406516031704e-05
2,0,36,0,2870,66,4,11,2,1,1,150.12,0,0,2.7878564166745655e-07,0,4.185130052711858e-05
3,0,42,0,790,16,23,12,3,1,2,124.24,0,0,3.3572287177217194e-07,0,4.171020958897464e-05
6,0,39,2,6560,89,191,28,3,1,1,1029.96,0,0,4.047678455767648e-08,0,4.168946902302447e-05
7,0,42,0,1360,28,18,18,2,1,2,143.46,0,0,2.895233788311095e-07,0,4.153502392711097e-05
0,0,16,0,1580,21,30,15,2,1,1,207.045,0,0,2.000932856401367e-07,0,4.14283143253621e-05
5,0,14,2,2793,42,26,17,3,1,1,217.4,0,0,1.9041515395934682e-07,0,4.1396254470761996e-05
5,0,41,0,2573,66,13,38,1,1,1,216.645,0,0,1.8919524312242784e-07,0,4.098820344625838e-05
0,0,38,0,7383,129,388,46,2,1,1,2084.04,0,0,1.9595198242249777e-08,0,4.083717694477822e-05
2,0,36,0,13468,163,0,42,3,1,1,545.24,0,0,7.426963228910235e-08,0,4.049477430931017e-05
6,0,43,0,1260,22,17,17,2,1,2,134.19,0,0,3.004791022382509e-07,0,4.032129072935089e-05
5,0,18,1,1940,29,30,14,2,1,1,223.605,0,0,1.8001398834287772e-07,0,4.025202786340917e-05
12,0,39,1,4705,83,7,23,3,1,1,219.52,0,0,1.8295815059708684e-07,0,4.01629732190725e-05
16,0,43,2,2838,68,376,30,3,1,1,1620.24,0,0,2.4670602467842093e-08,0,3.997229694249647e-05
24,0,29,4,16370,242,14,93,2,1,1,810.54,0,0,4.928644004726372e-08,0,3.994863111590914e-05
4,0,25,0,3415,62,17,26,3,1,1,207.08,0,0,1.9166438503874356e-07,0,3.968986085382302e-05
8,0,40,1,2698,64,9,35,2,1,1,164.79,0,0,2.405653912739048e-07,0,3.9642770828026765e-05
27,0,31,3,16265,239,9,83,2,1,1,783.18,0,0,5.003551032961674e-08,0,3.918681097994923e-05
0,0,35,0,6005,79,170,21,3,1,1,923.36,0,0,4.2358144167831784e-08,0,3.911181599880916e-05
8,0,44,1,2653,68,17,39,2,1,1,198.945,0,0,1.949855309627844e-07,0,3.879139645739114e-05
8,0,25,0,585,20,12,8,2,1,2,81.225,0,0,4.775179958317289e-07,0,3.878639921143218e-05
0,0,39,0,7283,123,387,45,2,1,1,2074.77,0,0,1.8676618823348245e-08,0,3.874968843611824e-05
0,0,37,0,6908,117,363,28,2,1,1,1949.625,0,0,1.9784624391925583e-08,0,3.8572598330107915e-05
24,0,34,2,15060,223,44,28,3,1,1,787.32,0,0,4.877955473161049e-08,0,3.8405119031291574e-05
5,0,27,1,3285,64,13,25,3,1,1,185.96,0,0,2.0418554161127051e-07,0,3.7970343318031865e-05
0,0,17,0,660,16,0,5,2,1,1,30.42,0,0,1.2481880466363547e-06,0,3.796988037867791e-05
7,0,35,2,7013,79,122,50,2,1,1,868.14,0,0,4.362047843694319e-08,0,3.7868682150247866e-05
2,0,39,1,518,12,15,7,5,1,1,30.45,0,0,1.2420138946543308e-06,0,3.781932309222437e-05
11,0,45,2,2665,51,300,21,4,1,1,817.9,0,0,4.622565055095576e-08,0,3.780795958562671e-05
0,0,28,0,2920,61,9,22,3,1,1,155.24,0,0,2.432226127467866e-07,0,3.775787840281115e-05
6,0,38,0,4125,68,3,17,2,1,1,202.185,0,0,1.849732449772161e-07,0,3.7398815535718435e-05
5,0,36,1,3963,85,7,28,3,1,1,189.92,0,0,1.9657521694074985e-07,0,3.733356520138721e-05
0,0,36,0,12868,153,0,27,3,1,1,520.84,0,0,7.138590274638775e-08,0,3.71806335864286e-05
10,0,19,3,3033,53,42,24,3,1,1,291.44,0,0,1.2715224871208088e-07,0,3.705725136464885e-05
0,0,30,0,6365,85,0,16,4,1,1,161.25,0,0,2.2862641026036133e-07,0,3.686600865448327e-05
0,0,17,0,2660,45,0,15,3,1,1,108.2,0,0,3.2882396821319957e-07,0,3.557875336066819e-05
0,0,20,0,2740,47,0,16,3,1,1,111.48,0,0,3.1844565008526815e-07,0,3.5500321071505695e-05
20,0,43,3,6123,110,41,27,3,1,1,413.32,0,0,8.58010316045574e-08,0,3.546328238279566e-05
11,0,18,4,2913,48,36,21,3,1,1,262.44,0,0,1.348585947624857e-07,0,3.539228960946675e-05
24,0,39,3,6833,115,41,26,3,1,1,441.92,0,0,7.974044106120301e-08,0,3.523889571376683e-05
22,0,32,2,15950,240,4,83,2,1,1,746.55,0,0,4.710818285377139e-08,0,3.516861390948303e-05
8,0,25,0,640,22,5,5,2,1,2,52.29,0,0,6.670641291833161e-07,0,3.4880783314995595e-05
32,0,33,4,16570,245,16,85,2,2,1,828.675,0,0,4.1893505218864104e-08,0,3.471610043724221e-05
0,0,34,0,10450,137,0,45,3,1,1,423.48,0,0,8.184662439058066e-08,0,3.46604084969231e-05
28,0,33,4,16135,241,5,82,2,1,1,759.42,0,0,4.48759800600384e-08,0,3.407971677719436e-05
15,0,30,1,14575,209,32,24,2,1,1,809.28,0,0,4.191146576500885e-08,0,3.391811101430636e-05
0,0,26,0,6480,85,0,19,4,1,1,164.125,0,0,2.0639181819106767e-07,0,3.3874057160608984e-05
22,0,29,2,15960,233,2,81,2,1,1,737.685,0,0,4.565858317938263e-08,0,3.368165193268287e-05
5,0,17,2,2728,47,35,22,3,1,1,251.0,0,0,1.3161471297076696e-07,0,3.303529295566251e-05
9,0,43,3,6885,94,203,32,3,1,1,1091.16,0,0,3.0059303163578915e-08,0,3.279950923997077e-05
2,0,38,1,6095,81,168,28,3,1,1,919.04,0,0,3.5507832469541136e-08,0,3.2633118352807085e-05
2,0,10,2,4505,46,247,14,3,1,1,1170.04,0,0,2.7798813665284796e-08,0,3.2525723940929825e-05
1,0,36,0,10755,143,0,47,3,1,1,435.92,0,0,7.372862526368963e-08,0,3.2139782324947586e-05
0,0,35,0,10560,138,0,30,3,1,1,427.92,0,0,7.400342978599625e-08,0,3.1667547674023517e-05
30,0,33,4,16380,244,7,82,2,2,1,779.58,0,0,4.0252501047748445e-08,0,3.1380044766803736e-05
2,0,38,0,7103,122,366,45,3,1,1,1753.0,0,0,1.7893275152451235e-08,0,3.136691134224701e-05
7,0,36,0,11350,148,0,43,3,1,1,459.92,0,0,6.72813614597126e-08,0,3.0944043762551024e-05
11,0,41,0,2418,62,19,22,3,1,2,175.2,0,0,1.7653237445465215e-07,0,3.092847200445505e-05
6,0,43,1,2360,45,293,19,4,1,1,792.625,0,0,3.896006085461705e-08,0,3.0880718234890835e-05
0,0,36,0,1898,51,0,28,1,1,1,107.195,0,0,2.8664459964997114e-07,0,3.0726867859478655e-05
5,0,33,1,7553,123,376,39,2,1,1,2037.42,0,0,1.4861173310714997e-08,0,3.027845172671695e-05
0,0,36,0,6798,116,359,43,2,1,1,1926.63,0,0,1.5650691076604793e-08,0,3.0153090948919092e-05
20,0,28,1,15655,226,0,74,2,1,1,714.645,0,0,4.2168595660582134e-08,0,3.0135576045856718e-05
2,0,13,1,4345,44,223,14,3,1,1,1067.56,0,0,2.7765226272133594e-08,0,2.9641044959078936e-05
29,0,29,3,16300,242,7,78,2,1,1,775.89,0,0,3.8077870875728455e-08,0,2.954423923376895e-05
12,0,34,2,6113,102,40,37,2,1,1,459.675,0,0,6.393897192164812e-08,0,2.9391146918083602e-05
8,0,43,2,6760,96,201,32,3,1,1,1078.24,0,0,2.71560782805672e-08,0,2.9280769845238777e-05
3,0,37,0,10865,144,0,32,3,1,1,440.36,0,0,6.567329793786819e-08,0,2.8919893479919637e-05
0,0,36,0,7318,127,409,45,3,1,1,1933.8,0,0,1.489572654525964e-08,0,2.880535599322309e-05
14,0,40,3,7515,103,201,28,3,1,1,1108.72,0,0,2.581575858400447e-08,0,2.862244785725744e-05
0,0,33,0,4030,69,0,18,3,1,1,163.96,0,0,1.7439390036639477e-07,0,2.8593623904074087e-05
7,0,38,0,2048,53,0,14,3,1,2,84.04,0,0,3.3913976051763807e-07,0,2.8501305473902304e-05
8,0,41,1,6673,79,116,41,2,1,1,825.84,0,0,3.408655395100271e-08,0,2.8150039714896075e-05
14,0,35,1,14125,208,22,30,2,1,1,743.985,0,0,3.7196672835418405e-08,0,2.767376663945876e-05
24,0,40,4,10130,138,159,45,3,1,1,1046.72,0,0,2.6323726203203753e-08,0,2.7553570691417434e-05
6,0,41,1,3275,35,494,13,3,1,1,2108.4,0,0,1.2990324211073232e-08,0,2.7388799566626805e-05
10,0,37,2,4640,81,7,22,3,1,1,216.84,0,0,1.2567653903166452e-07,0,2.7251700723626134e-05
20,0,40,2,16500,199,165,32,2,1,1,1493.955,0,0,1.820296900569878e-08,0,2.719441656090872e-05
0,0,31,0,6240,76,171,20,3,1,1,936.64,0,0,2.8861040483627162e-08,0,2.7032404958584544e-05
12,1,40,0,2353,59,6,16,3,1,2,120.48,0,0,2.237887684168992e-07,0,2.696207081886802e-05
12,0,44,2,4283,98,24,36,3,1,1,271.24,0,0,9.897927911423262e-08,0,2.6847139666944455e-05
5,0,20,1,1755,29,33,16,2,1,1,228.78,0,0,1.1732679710589761e-07,0,2.6842024641887257e-05
2,0,38,1,2850,24,481,8,3,1,1,2038.96,0,0,1.3136557762943008e-08,0,2.6784915816330276e-05
0,0,36,0,3473,79,0,28,2,1,1,159.84,0,0,1.661141568541427e-07,0,2.6551686831566167e-05
0,0,29,0,6420,88,2,18,4,1,1,167.7,0,0,1.550141274490097e-07,0,2.5995869173198927e-05
19,0,32,1,14755,217,37,26,3,1,1,746.88,0,0,3.454004279440614e-08,0,2.5797267162286055e-05
1,0,23,1,3520,65,22,36,3,1,1,231.4,0,0,1.107070955576056e-07,0,2.5617621912029937e-05
0,0,31,0,13468,157,0,41,3,1,1,545.0,0,0,4.692750122458295e-08,0,2.557548816739771e-05
25,0,34,3,15185,221,46,28,3,1,1,800.24,0,0,3.1943316459699403e-08,0,2.556231956370985e-05
2,0,40,1,1748,27,10,10,4,1,1,69.375,0,0,3.6451224410627475e-07,0,2.528803693487281e-05
0,0,26,1,6400,100,249,25,2,2,1,1413.0,0,0,1.77962539265445e-08,0,2.514610679820738e-05
7,0,31,1,3485,71,23,29,3,1,1,234.24,0,0,1.0723499596085018e-07,0,2.511872545386955e-05
10,0,11,0,6008,133,68,36,1,2,1,711.755,0,0,3.5230074713971366e-08,0,2.507518182804269e-05
17,0,44,3,4160,90,49,34,3,1,1,366.0,0,0,6.818131316860289e-08,0,2.4954360619708657e-05
0,0,27,0,6525,87,0,16,4,1,1,165.3,0,0,1.5047561896982297e-07,0,2.487361981571174e-05
0,0,27,0,6400,89,0,16,4,1,1,162.225,0,0,1.5047561896982297e-07,0,2.441090728737953e-05
1,0,28,2,6705,106,256,27,2,2,1,1458.495,0,0,1.6629312971770447e-08,0,2.4253769822762336e-05
18,0,40,3,12480,171,26,49,4,1,1,381.275,0,0,6.360964846025461e-08,0,2.4252768716683577e-05
28,0,28,3,16380,238,0,81,2,1,1,747.81,0,0,3.216731696600336e-08,0,2.4055041300346968e-05
2,0,35,1,2915,19,472,3,3,1,1,2005.36,0,0,1.1993535122495554e-08,0,2.4051355593247685e-05
5,0,25,1,3470,64,10,23,3,1,1,181.36,0,0,1.3253959324990646e-07,0,2.4037380631803037e-05
0,0,33,0,6185,87,0,7,4,1,1,156.8,0,0,1.522787763478883e-07,0,2.387731213134889e-05
3,0,24,0,3630,66,9,21,3,1,1,183.84,0,0,1.2884242860998943e-07,0,2.3686392075660458e-05
22,0,29,2,16015,235,0,78,2,1,1,731.25,0,0,3.238705624092668e-08,0,2.3683034876177633e-05
26,0,35,4,16155,240,10,84,2,1,1,782.775,0,0,3.0117736472536925e-08,0,2.357541116729009e-05
17,0,45,2,4503,78,16,38,1,1,1,339.955,0,0,6.918970732435637e-08,0,2.352138695345157e-05
23,0,28,3,15895,230,0,75,2,1,1,725.625,0,0,3.216731696600336e-08,0,2.3341409373456187e-05
10,0,41,0,4550,79,16,22,3,1,1,249.16,0,0,9.326003077476304e-08,0,2.323666926783996e-05
0,0,34,0,13408,160,0,40,3,1,1,542.72,0,0,4.235645240730538e-08,0,2.2987693850492776e-05
27,0,31,3,16320,241,7,80,2,1,1,776.745,0,0,2.9375857040297068e-08,0,2.2817550076765545e-05
36,0,34,5,17090,255,15,82,2,2,1,848.025,0,0,2.668366578420719e-08,0,2.26284156766523e-05
5,0,35,1,4335,75,0,20,3,1,1,176.4,0,0,1.2700055219967042e-07,0,2.2402897408021863e-05
9,0,27,1,3720,68,24,28,3,1,1,247.52,0,0,9.046538168174916e-08,0,2.2391991273866552e-05
11,0,35,1,11690,158,8,45,4,1,1,316.2,0,0,7.077688370828866e-08,0,2.237965062856087e-05
8,0,34,1,4415,67,7,13,3,1,1,207.28,0,0,1.0630589288425548e-07,0,2.2035085477048476e-05
1,0,30,1,6605,89,3,17,5,1,1,104.91,0,0,2.079632007968228e-07,0,2.181741939559468e-05
0,0,40,0,570,14,1,10,2,1,2,30.78,0,0,7.085452060813585e-07,0,2.1809021443184218e-05
6,0,39,0,2113,56,12,20,3,1,2,134.76,0,0,1.6178768368205264e-07,0,2.1802508252993412e-05
10,0,38,1,4615,74,7,17,3,1,1,215.56,0,0,1.0077451693222267e-07,0,2.1722954869909917e-05
29,0,31,5,16675,248,21,95,2,1,1,856.035,0,0,2.4932445981058885e-08,0,2.1343046395395743e-05
12,0,33,1,9035,119,134,39,3,1,1,902.16,0,0,2.3654997311311033e-08,0,2.1340592374372362e-05
0,0,11,1,4165,36,218,12,3,1,1,1040.04,0,0,2.0458595435185016e-08,0,2.1277757596409824e-05
0,0,36,0,13278,162,0,39,3,1,1,537.6,0,0,3.9493626555308e-08,0,2.1231773636133583e-05
7,0,34,1,4560,79,7,21,3,1,1,213.56,0,0,9.901954572424808e-08,0,2.114661418487042e-05
5,0,37,1,6690,87,195,29,3,1,1,1051.08,0,0,2.0045652082869936e-08,0,2.106958399126293e-05
21,0,31,1,15475,228,0,65,2,1,1,706.635,0,0,2.975462763919627e-08,0,2.1025661301823454e-05
4,0,42,1,2473,60,12,37,2,1,1,167.985,0,0,1.2494274452550166e-07,0,2.0988506939116396e-05
8,0,41,1,2780,59,183,24,2,1,1,951.255,0,0,2.1926507228331155e-08,0,2.0857699633486152e-05
11,0,37,1,15730,185,152,30,2,1,1,1400.175,0,0,1.4777154121030248e-08,0,2.0690601771413526e-05
3,0,37,1,6500,86,186,26,3,1,1,1007.44,0,0,2.0320866326393476e-08,0,2.0472053571861844e-05
18,0,31,1,14835,213,39,29,2,1,1,852.66,0,0,2.3618298936452408e-08,0,2.013837877115551e-05
9,0,38,1,15600,188,182,34,2,1,1,1529.46,0,0,1.3116787823120143e-08,0,2.0061602303949333e-05
5,0,22,0,3530,61,7,24,3,1,1,171.64,0,0,1.1629651335877914e-07,0,1.996113355290085e-05
15,0,38,1,16195,193,158,30,2,1,1,1448.46,0,0,1.3643439392863644e-08,0,1.9761976222987274e-05
0,0,12,1,4085,40,216,9,3,1,1,1029.0,0,0,1.918193116317391e-08,0,1.9738207166905954e-05
28,0,30,4,16200,236,7,77,2,2,1,771.12,0,0,2.5523587017722194e-08,0,1.968174842110594e-05
5,0,10,0,8448,157,55,33,4,1,1,352.625,0,0,5.5726446396205175e-08,0,1.965053816046185e-05
1,0,31,1,6545,104,232,27,2,2,1,1343.205,0,0,1.4620185775804672e-08,0,1.9637906634989715e-05
4,0,31,3,6785,108,260,28,2,2,1,1480.185,0,0,1.3121099673924724e-08,0,1.9421654920848265e-05
13,0,43,2,3085,65,190,26,3,1,1,886.0,0,0,2.1889221099236854e-08,0,1.9393849893923852e-05
9,0,12,0,5908,127,67,35,1,2,1,700.425,0,0,2.750928145536377e-08,0,1.926818846337317e-05
0,0,33,0,2703,65,0,26,2,1,1,124.56,0,0,1.524224489153505e-07,0,1.8985740236896057e-05
16,0,45,0,2543,66,23,20,4,1,2,122.725,0,0,1.5444300738184973e-07,0,1.8954018080937506e-05
0,0,23,0,3110,56,10,24,3,1,1,166.64,0,0,1.1351644217568932e-07,0,1.8916379924156866e-05
33,0,35,5,16440,247,12,84,2,2,1,804.915,0,0,2.3475561606691356e-08,0,1.8895831670649972e-05
7,0,37,0,13658,163,0,40,3,1,1,552.84,0,0,3.410211450158007e-08,0,1.8853012981053526e-05
30,0,32,3,16265,238,7,78,2,1,1,774.135,0,0,2.4302186678901097e-08,0,1.88131732846711e-05
5,0,38,1,3778,85,7,30,3,1,1,182.52,0,0,1.0191842698238897e-07,0,1.8602151292825635e-05
0,0,31,0,4210,71,0,22,3,1,1,171.24,0,0,1.0760763973326883e-07,0,1.8426732227924957e-05
18,0,33,2,14655,211,36,25,3,1,1,738.64,0,0,2.4929701056640232e-08,0,1.8414074388476743e-05
14,0,44,2,4755,79,22,23,3,1,1,281.36,0,0,6.50505689707767e-08,0,1.8302628085617734e-05
26,0,30,3,16480,243,1,78,2,1,1,757.035,0,0,2.4095337099243727e-08,0,1.8241013520925973e-05
12,0,42,1,2453,66,367,25,3,1,1,1568.76,0,0,1.1626548379106363e-08,0,1.82392640352069e-05
1,0,36,0,3875,64,0,12,2,1,1,177.255,0,0,1.0265630252999595e-07,0,1.819634290495443e-05
0,0,39,0,2268,60,6,36,1,1,1,161.04,0,0,1.1056799223983705e-07,0,1.780586947030336e-05
25,0,35,3,16030,242,8,84,2,1,1,768.24,0,0,2.2844355067244563e-08,0,1.7549947336859963e-05
11,0,42,1,3730,86,40,32,3,1,1,312.64,0,0,5.518998891780483e-08,0,1.7254598135262502e-05
6,0,43,2,3095,33,491,9,4,1,1,1305.7,0,0,1.3199836825524976e-08,0,1.7235026943087962e-05
10,0,10,0,8932,165,65,39,4,1,1,389.925,0,0,4.38715206714236e-08,0,1.7106602697804846e-05
7,0,28,1,1628,42,35,70,4,1,1,129.25,0,0,1.3200741152674052e-07,0,1.7061957939831213e-05
0,0,37,0,3593,84,6,31,2,1,1,192.465,0,0,8.8377743312788e-08,0,1.7009622366695742e-05
31,0,37,5,16460,246,17,86,2,1,1,828.27,0,0,2.037568937156144e-08,0,1.6876572235783195e-05
4,0,40,0,4145,67,8,19,2,1,1,225.54,0,0,7.466653105286298e-08,0,1.6840289413662714e-05
7,0,40,0,2148,60,360,23,3,1,1,1528.32,0,0,1.0895890460318993e-08,0,1.6652407308314723e-05
28,0,35,3,15445,225,53,33,3,1,1,838.8,0,0,1.977348279850858e-08,0,1.6585997371388997e-05
28,0,33,4,16190,243,0,79,2,2,1,739.485,0,0,2.2205424102103468e-08,0,1.6420578042143982e-05
7,0,9,0,8673,161,58,34,4,1,1,365.85,0,0,4.458383967759211e-08,0,1.6310997746047072e-05
5,0,19,3,2547,45,32,18,3,1,1,231.68,0,0,6.976722414620687e-08,0,1.6163670490193207e-05
10,0,40,2,4083,91,14,32,3,1,1,222.96,0,0,7.162846435451152e-08,0,1.597028241248189e-05
2,0,35,2,6795,90,200,39,3,1,1,1075.4,0,0,1.4643450910523374e-08,0,1.574756710917684e-05
0,0,28,0,6300,83,0,15,4,1,1,159.575,0,0,9.807837425827618e-08,0,1.565085657226442e-05
28,0,37,4,15265,223,50,29,3,2,1,819.52,0,0,1.9074891616896976e-08,0,1.563225517787941e-05
7,0,37,3,7100,96,207,41,3,1,1,1115.84,0,0,1.3773965531526302e-08,0,1.5369541698698306e-05
0,0,35,1,6560,93,17,24,4,1,1,208.825,0,0,7.339931235029368e-08,0,1.5327611401550076e-05
0,0,30,0,3950,67,0,17,3,1,1,160.68,0,0,9.53518695160624e-08,0,1.5321138393840907e-05
25,0,30,2,15960,232,0,76,2,1,1,728.64,0,0,2.0906652777761208e-08,0,1.5233423479987927e-05
0,0,40,0,2135,35,288,20,3,1,1,1238.8,0,0,1.2281746698433777e-08,0,1.5214627810019763e-05
8,0,37,0,14178,174,1,42,3,1,1,578.08,0,0,2.629198156917874e-08,0,1.5198868705510847e-05
0,0,26,0,3100,63,12,26,3,1,1,174.52,0,0,8.554503943665833e-08,0,1.4929320282485612e-05
6,0,9,0,8548,163,56,34,4,1,1,357.775,0,0,4.163391529877431e-08,0,1.4895574046018979e-05
21,0,38,1,14540,215,33,17,3,1,1,722.2,0,0,2.0570020565459235e-08,0,1.485566885237466e-05
12,0,42,2,3855,84,42,32,3,1,1,325.56,0,0,4.543794491774767e-08,0,1.4792777347421933e-05
34,0,33,6,16980,254,28,97,2,2,1,901.53,0,0,1.630026666333863e-08,0,1.4695179404999673e-05
0,0,28,1,6580,108,254,27,2,2,1,1443.96,0,0,1.0159633649212363e-08,0,1.4670104604116684e-05
4,0,32,1,7190,102,15,20,4,1,1,219.8,0,0,6.666946308089227e-08,0,1.465394798518012e-05
5,0,42,1,2440,41,295,22,3,1,1,1279.24,0,0,1.1308558393197995e-08,0,1.4466360238914603e-05
10,0,21,4,2852,51,39,20,3,1,1,272.12,0,0,5.308099944899188e-08,0,1.4444401570059671e-05
8,0,24,1,1793,43,27,66,4,1,1,113.4,0,0,1.2648221410788343e-07,0,1.4343083079833982e-05
1,0,33,3,6775,116,296,35,2,2,1,1642.095,0,0,8.635645209524313e-09,0,1.4180549820333827e-05
7,0,41,0,1130,26,52,14,3,1,2,254.24,0,0,5.531102951413568e-08,0,1.4062276143673856e-05
0,0,24,0,3035,61,33,25,3,1,1,255.84,0,0,5.4595798781811116e-08,0,1.3967789160338557e-05
16,0,42,2,4735,80,17,21,3,1,1,260.6,0,0,5.332213670067417e-08,0,1.389574882419569e-05
0,0,35,0,10970,147,0,42,3,1,1,444.68,0,0,3.12470635248598e-08,0,1.3894944208234658e-05
0,0,35,0,14580,166,122,13,2,1,1,1212.57,0,0,1.1291185324765458e-08,0,1.3691352589250851e-05
3,0,32,2,6850,111,273,34,2,2,1,1541.745,0,0,8.692493570233842e-09,0,1.3401608499440174e-05
25,0,31,3,16075,238,0,80,2,2,1,734.085,0,0,1.8154083058507955e-08,0,1.3326640062004812e-05
25,0,31,3,16075,238,0,80,2,1,1,734.085,0,0,1.8154083058507955e-08,0,1.3326640062004812e-05
11,0,42,1,4278,68,11,39,1,1,1,299.53,0,0,4.404927602511227e-08,0,1.3194079647801878e-05
23,0,31,3,15885,237,0,77,2,1,1,725.49,0,0,1.8154083058507955e-08,0,1.3170605718116937e-05
4,0,41,0,890,22,24,13,3,1,2,132.48,0,0,9.930970221808157e-08,0,1.3156549349851445e-05
23,0,31,3,15830,235,0,80,2,1,1,722.925,0,0,1.8154083058507955e-08,0,1.3124040495071863e-05
27,0,36,4,16075,244,8,81,2,1,1,770.355,0,0,1.7032958783176765e-08,0,1.3121424963414138e-05
12,0,39,1,15600,187,148,29,2,1,1,1376.415,0,0,9.5122009795735e-09,0,1.309273611129966e-05
0,0,35,0,12758,152,0,42,3,1,1,516.4,0,0,2.5168217161345255e-08,0,1.2996867342118688e-05
4,0,34,3,6720,113,269,33,2,2,1,1517.985,0,0,8.457390621662151e-09,0,1.283819210282382e-05
10,0,12,0,8753,163,62,35,4,1,1,377.9,0,0,3.367091876391769e-08,0,1.2724240200884496e-05
23,0,44,3,6383,114,48,32,3,1,1,451.88,0,0,2.8087048988671174e-08,0,1.269197569700073e-05
23,0,38,3,14950,224,45,29,3,1,1,786.96,0,0,1.6092281078516258e-08,0,1.2663981517549154e-05
0,0,35,0,2760,65,0,26,2,1,1,127.125,0,0,9.866833341227351e-08,0,1.254321188503527e-05
7,0,38,0,13773,169,0,44,3,1,1,557.68,0,0,2.22531453476508e-08,0,1.2410134097477898e-05
0,0,36,0,3118,72,0,13,2,1,1,143.55,0,0,8.366132877572493e-08,0,1.2009583745755315e-05
20,0,38,2,6313,105,42,29,2,1,1,477.81,0,0,2.507956009709175e-08,0,1.198326460999141e-05
9,0,37,1,11710,157,13,47,4,1,1,329.175,0,0,3.590969110385437e-08,0,1.1820572569111263e-05
36,0,41,5,16155,242,69,34,3,2,1,931.88,0,0,1.2683407736126084e-08,0,1.1819414001141174e-05
18,0,42,2,6078,108,41,30,2,1,1,462.87,0,0,2.5456705415862515e-08,0,1.1783145235840282e-05
0,0,38,0,6375,88,190,29,3,1,1,1018.52,0,0,1.156178159263093e-08,0,1.1775905787726455e-05
0,0,24,0,663,23,2,51,4,1,1,22.15,0,0,5.278261775264972e-07,0,1.1691349832211912e-05
32,0,43,4,15625,239,72,39,3,1,1,922.56,0,0,1.257803004149718e-08,0,1.1603987395083638e-05
0,0,38,0,1360,44,39,19,3,1,2,212.16,0,0,5.44550119101492e-08,0,1.1553175326857254e-05
4,0,11,0,8568,162,61,36,4,1,1,370.75,0,0,3.1068475156639646e-08,0,1.151863716432415e-05
3,0,32,2,6905,113,266,31,2,2,1,1512.81,0,0,7.601107429382484e-09,0,1.1499031330244115e-05
13,0,44,1,4630,81,20,23,3,1,1,268.44,0,0,4.276795614646831e-08,0,1.1480630147957954e-05
0,0,23,0,553,22,0,66,4,1,1,14.375,0,0,7.972157363327668e-07,0,1.1459976209783523e-05
30,0,41,5,15560,237,93,38,3,1,1,1003.88,0,0,1.1334724727788094e-08,0,1.1378703459731911e-05
14,0,42,2,11950,168,29,54,4,1,1,375.45,0,0,3.0244449305775437e-08,0,1.1355278491853387e-05
21,0,40,3,6183,107,38,28,3,1,1,403.6,0,0,2.811280124352628e-08,0,1.1346326581887208e-05
14,0,28,1,15060,221,0,78,2,1,1,687.645,0,0,1.6405568099257845e-08,0,1.1281206875614161e-05
33,0,42,5,15505,234,66,36,3,2,1,893.56,0,0,1.257803004149718e-08,0,1.123922452388022e-05
16,0,39,4,12370,170,39,64,4,1,1,411.0,0,0,2.7316138476180223e-08,0,1.1226932913710071e-05
31,0,44,5,15525,233,71,38,3,1,1,914.32,0,0,1.2210650563557875e-08,0,1.1164442023272238e-05
4,0,39,0,4390,85,6,28,3,1,1,203.0,0,0,5.4876518132529674e-08,0,1.1139933180903524e-05
12,0,44,2,4775,93,17,31,3,1,1,262.72,0,0,4.236009371312885e-08,0,1.1128843820313212e-05
27,0,41,3,15320,233,65,37,3,1,1,882.12,0,0,1.257803004149718e-08,0,1.1095331860205492e-05
5,0,21,1,3270,57,7,19,3,1,1,161.08,0,0,6.853710114409089e-08,0,1.1039956252290162e-05
4,0,34,3,6775,115,262,30,2,2,1,1489.05,0,0,7.395522834292869e-09,0,1.1012303276403796e-05
30,0,44,4,15400,235,69,38,3,1,1,901.4,0,0,1.2210650563557875e-08,0,1.1006680417991069e-05
26,0,42,4,15220,227,64,36,3,2,1,873.88,0,0,1.257803004149718e-08,0,1.0991688892663555e-05
27,0,43,4,15140,231,62,33,3,1,1,862.84,0,0,1.2683407736126084e-08,0,1.094375153103903e-05
25,0,42,3,15095,229,62,36,3,1,1,860.96,0,0,1.257803004149718e-08,0,1.0829180744527412e-05
15,0,12,0,9237,171,72,41,4,1,1,415.2,0,0,2.598378104770108e-08,0,1.0788465891005488e-05
0,0,20,0,1470,22,31,16,2,1,1,206.64,0,0,5.198436370814805e-08,0,1.0742048916651713e-05
22,0,34,3,15770,238,1,79,2,1,1,724.86,0,0,1.461768404597628e-08,0,1.0595774457566366e-05
1,0,37,0,3805,72,0,25,3,1,1,155.08,0,0,6.828883510252143e-08,0,1.0590232547699025e-05
11,0,11,0,8853,169,63,36,4,1,1,383.05,0,0,2.7644399491765056e-08,0,1.0589187225320604e-05
6,0,38,0,4180,70,0,14,3,1,1,170.0,0,0,6.223327071084131e-08,0,1.0579656020843022e-05
12,0,11,1,8978,167,65,36,4,1,1,391.125,0,0,2.6555511263723254e-08,0,1.0386524343023758e-05
16,0,39,1,15980,189,166,35,2,1,1,1474.605,0,0,7.026181935404425e-09,0,1.0360843012857042e-05
2,0,36,1,11275,154,36,49,4,1,1,375.725,0,0,2.7334135875223946e-08,0,1.0270118201718517e-05
1,0,38,0,2203,57,0,30,1,1,1,124.3,0,0,8.196711218159226e-08,0,1.0188512044171918e-05
29,0,36,3,15365,229,51,30,3,1,1,827.76,0,0,1.230497084254299e-08,0,1.0185562664623385e-05
30,0,34,5,16495,250,39,86,2,2,1,929.025,0,0,1.096106247370027e-08,0,1.0183101064629393e-05
2,0,37,0,13583,169,25,46,3,1,1,650.08,0,0,1.5114543202259623e-08,0,9.825662244924936e-06
4,0,18,3,2628,41,34,21,3,1,1,242.76,0,0,3.988422326789506e-08,0,9.682294040514203e-06
14,0,40,2,15905,194,189,36,3,1,1,1399.96,0,0,6.759289797194082e-09,0,9.462735344479827e-06
12,0,39,1,15545,185,155,32,2,1,1,1405.35,0,0,6.722201997118907e-09,0,9.447046576651056e-06
8,0,31,2,3610,69,25,29,3,1,1,247.16,0,0,3.81747175399812e-08,0,9.435263187181753e-06
9,0,40,1,11645,162,22,52,4,1,1,350.175,0,0,2.6800104509502486e-08,0,9.384726596615034e-06
10,0,42,0,4153,70,9,39,1,1,1,281.765,0,0,3.324297971266655e-08,0,9.36670817873949e-06
6,0,33,2,6850,110,239,29,2,2,1,1388.7,0,0,6.741209432687088e-09,0,9.36151753917256e-06
14,0,39,1,15790,188,157,32,2,1,1,1425.51,0,0,6.501822633831616e-09,0,9.268413182753306e-06
6,0,26,1,1813,42,32,68,4,1,1,126.375,0,0,7.333274375819924e-08,0,9.267425492442428e-06
9,0,43,2,4023,94,17,31,3,1,1,232.68,0,0,3.967278575899049e-08,0,9.231063790401908e-06
25,0,27,3,16120,234,7,76,2,1,1,767.43,0,0,1.1991227770576313e-08,0,9.20242792797338e-06
4,0,38,0,11340,156,15,50,3,1,1,519.84,0,0,1.7650392938130347e-08,0,9.17538026495768e-06
4,0,29,2,6965,110,263,32,2,2,1,1501.875,0,0,6.059447941564253e-09,0,9.100533377236812e-06
11,0,40,1,4430,74,10,19,3,1,1,220.16,0,0,4.0760637573880006e-08,0,8.973861968265423e-06
12,0,40,5,7350,124,288,39,3,2,1,1450.96,0,0,6.162956268134495e-09,0,8.942203026812427e-06
0,0,22,0,210,15,0,11,2,1,1,10.125,0,0,8.811297318326059e-07,0,8.921438534805135e-06
13,0,14,0,9337,176,74,38,4,1,1,422.825,0,0,2.1090956360241858e-08,0,8.917783623019263e-06
5,0,38,0,3423,78,7,15,3,1,1,168.04,0,0,5.2654948024594515e-08,0,8.848137466052863e-06
12,0,39,0,13963,169,7,42,3,1,1,593.28,0,0,1.4900001675402552e-08,0,8.839872993982826e-06
8,0,20,3,2808,49,39,23,3,1,1,270.28,0,0,3.214520628075015e-08,0,8.68820635356115e-06
0,0,29,2,6480,102,253,26,2,2,1,1434.69,0,0,6.048590552174126e-09,0,8.677852379298698e-06
6,0,25,2,3825,71,29,38,3,1,1,271.84,0,0,3.178880437055409e-08,0,8.641468580091423e-06
20,0,29,2,15770,232,0,78,2,1,1,720.09,0,0,1.1902017673317505e-08,0,8.570523906379203e-06
5,0,40,0,2013,50,11,19,3,1,2,126.52,0,0,6.74295687018173e-08,0,8.531189032153925e-06
18,0,29,2,15580,231,0,75,2,1,1,711.495,0,0,1.1902017673317505e-08,0,8.468226064477038e-06
14,0,40,2,8523,144,399,45,3,1,1,1942.68,0,0,4.304104452698119e-09,0,8.361497638167582e-06
0,0,35,0,3500,66,0,23,3,1,1,142.64,0,0,5.855985929083373e-08,0,8.352978329244523e-06
5,0,42,2,3175,29,493,12,3,1,1,2100.16,0,0,3.952801039340265e-09,0,8.30151463078085e-06
28,0,38,9,10930,100,17,47,5,1,1,190.95,0,0,4.332935967804014e-08,0,8.273741230521765e-06
24,0,27,2,15995,236,0,76,2,1,1,730.395,0,0,1.124573570659395e-08,0,8.213829131417687e-06
13,0,33,2,9160,117,136,39,3,1,1,915.08,0,0,8.971930628436666e-09,0,8.210034279469824e-06
9,0,10,0,6087,129,70,39,1,2,1,726.88,0,0,1.1291849984982383e-08,0,8.207819917083995e-06
2,0,34,1,6365,106,250,18,2,2,1,1416.195,0,0,5.743538578516016e-09,0,8.133970617201489e-06
22,0,36,2,15025,220,56,33,3,1,1,833.8,0,0,9.753776278104118e-09,0,8.132698660683212e-06
22,0,36,2,15080,222,49,30,3,1,1,808.08,0,0,9.873585730327523e-09,0,7.978647156963066e-06
8,0,26,1,3935,72,16,23,3,1,1,224.28,0,0,3.555327210715611e-08,0,7.973887868192972e-06
3,0,13,0,8028,155,45,23,4,1,1,317.075,0,0,2.5081860569755833e-08,0,7.952830940155331e-06
0,0,37,1,2905,27,508,10,3,1,1,2149.28,0,0,3.6828361476115632e-09,0,7.915446075338581e-06
1,0,32,2,6660,110,264,31,2,2,1,1492.65,0,0,5.299969523384825e-09,0,7.910999509080359e-06
5,0,38,0,13583,168,0,41,3,1,1,550.04,0,0,1.4116428128927738e-08,0,7.764600128035413e-06
5,0,38,0,13528,166,0,44,3,1,1,547.76,0,0,1.4116428128927738e-08,0,7.732414671901458e-06
0,0,34,0,4150,74,0,21,3,1,1,168.96,0,0,4.556379139934673e-08,0,7.698458194833625e-06
8,0,41,0,1925,54,53,26,3,1,2,291.16,0,0,2.6345327198859388e-08,0,7.6707054672199e-06
0,0,33,2,6255,105,246,33,2,2,1,1393.2,0,0,5.484849395805746e-09,0,7.641492178236565e-06
11,0,11,0,6133,131,70,36,1,2,1,729.52,0,0,1.0428266242900567e-08,0,7.607628789520822e-06
1,0,34,1,6320,78,175,21,3,1,1,955.92,0,0,7.889513117287934e-09,0,7.541743379077882e-06
12,0,43,2,11725,164,26,53,4,1,1,362.225,0,0,2.081097137492758e-08,0,7.538254106283143e-06
5,0,24,1,3350,59,7,20,3,1,1,164.36,0,0,4.555958330104269e-08,0,7.4881731113593776e-06
1,0,37,0,3313,77,0,30,3,1,1,135.6,0,0,5.5077169137458924e-08,0,7.46846413503943e-06
0,0,32,2,6470,109,255,28,2,2,1,1443.555,0,0,5.09979249439251e-09,0,7.36183095424278e-06
7,0,33,1,11510,150,7,43,4,1,1,309.0,0,0,2.377252514638647e-08,0,7.345710270233419e-06
7,0,39,2,4630,89,34,29,3,1,1,324.76,0,0,2.254658229283426e-08,0,7.322228065420855e-06
24,0,39,3,14735,220,36,34,3,1,1,742.2,0,0,9.846574822124395e-09,0,7.308127832980727e-06
21,0,33,3,15850,234,3,82,2,1,1,737.28,0,0,9.900240434908612e-09,0,7.299249267849421e-06
8,0,37,3,7145,124,282,38,2,2,1,1596.105,0,0,4.560801182870697e-09,0,7.279517571985834e-06
17,0,19,0,6098,137,71,29,2,2,1,600.075,0,0,1.2086339102553226e-08,0,7.252709936964628e-06
25,0,32,4,16190,244,32,84,2,2,1,883.53,0,0,8.079911159673431e-09,0,7.138843906906267e-06
10,0,34,1,11770,154,10,48,3,1,1,516.96,0,0,1.3691726789106458e-08,0,7.078075080896475e-06
13,0,43,3,11850,162,28,53,4,1,1,370.3,0,0,1.8759216324205436e-08,0,6.946537804853273e-06
25,0,39,4,15255,231,86,36,3,1,1,963.44,0,0,7.1733576333751816e-09,0,6.911099678298985e-06
5,0,35,3,6560,111,253,35,2,2,1,1438.695,0,0,4.790276343287687e-09,0,6.891746623706279e-06
7,0,33,3,7370,121,272,31,2,2,1,1561.095,0,0,4.3904106244665104e-09,0,6.853848073801547e-06
1,0,37,0,13063,158,0,44,3,1,1,528.84,0,0,1.2951654499699057e-08,0,6.849352965620849e-06
13,0,43,2,3775,88,40,29,3,1,1,314.52,0,0,2.1725712367616316e-08,0,6.8331710538626836e-06
1,0,12,0,7917,154,41,38,4,1,1,304.275,0,0,2.2358974230368577e-08,0,6.803276883945398e-06
23,0,38,3,14895,222,52,32,3,1,1,812.68,0,0,8.344170628765786e-09,0,6.781140586585379e-06
9,0,38,0,13963,170,9,47,3,1,1,601.32,0,0,1.1139213728468455e-08,0,6.698231999202652e-06
7,0,38,1,4023,88,9,30,3,1,1,200.44,0,0,3.310562006514641e-08,0,6.635690485857947e-06
12,0,19,0,8888,175,81,44,4,1,1,429.075,0,0,1.5438892815277373e-08,0,6.624442934715139e-06
2,0,40,0,3673,86,10,32,2,1,1,214.155,0,0,3.0888544822637306e-08,0,6.614936316491892e-06
7,0,42,1,3978,92,17,34,3,1,1,230.8,0,0,2.8500830021933955e-08,0,6.5779915690623575e-06
2,0,31,2,7080,101,28,35,4,1,1,249.525,0,0,2.631155859417318e-08,0,6.565391658211063e-06
32,0,38,5,16380,250,15,83,2,2,1,815.85,0,0,8.029310442480633e-09,0,6.550712924497825e-06
7,0,38,2,11580,160,43,51,4,1,1,401.0,0,0,1.6319553809505298e-08,0,6.544141077611624e-06
2,0,38,1,2920,24,10,18,3,1,1,157.76,0,0,4.1040626112653857e-08,0,6.4745691755322724e-06
7,0,39,0,3965,66,0,19,3,1,1,161.24,0,0,4.0141944820604346e-08,0,6.472487182874245e-06
3,0,38,0,13173,159,0,29,3,1,1,533.28,0,0,1.1953988382071258e-08,0,6.37482292439096e-06
24,0,36,4,15435,229,68,45,3,2,1,898.56,0,0,7.072393886089037e-09,0,6.354970250284165e-06
3,0,35,2,6840,118,275,36,2,2,1,1550.61,0,0,4.090926233345056e-09,0,6.343431126687177e-06
1,0,41,0,2055,39,286,17,3,1,1,1227.76,0,0,5.146958265049579e-09,0,6.319229479497271e-06
27,0,38,3,15330,226,63,35,3,1,1,874.24,0,0,7.2282255509947486e-09,0,6.319203905701649e-06
8,0,41,0,6098,103,18,17,3,1,1,320.04,0,0,1.9705987377825115e-08,0,6.30670420039915e-06
6,0,38,3,6920,120,279,37,2,2,1,1572.3,0,0,4.00836433958152e-09,0,6.302351251124024e-06
2,0,24,0,3110,55,0,19,3,1,1,126.6,0,0,4.9779329090719016e-08,0,6.302063062885027e-06
3,0,38,2,6615,92,218,30,3,1,1,1140.28,0,0,5.51272407802645e-09,0,6.286049011692e-06
0,0,25,0,6220,81,0,14,4,1,1,157.525,0,0,3.9842989755394724e-08,0,6.276266961218554e-06
12,0,15,0,8933,171,73,40,4,1,1,410.1,0,0,1.522169197686633e-08,0,6.242415879712882e-06
12,0,15,0,8932,171,73,40,4,1,1,410.075,0,0,1.522169197686633e-08,0,6.24203533741346e-06
5,0,30,2,6885,114,261,29,2,2,1,1489.455,0,0,4.1549095380906795e-09,0,6.188550786056852e-06
2,0,26,1,3340,67,40,27,3,1,1,296.28,0,0,2.0852233130996506e-08,0,6.178099632051644e-06
11,0,14,0,5973,129,46,36,1,2,1,588.61,0,0,1.0452732578172706e-08,0,6.152582922838236e-06
9,0,37,1,11655,155,20,50,4,1,1,345.25,0,0,1.777653535173711e-08,0,6.1373488301872375e-06
5,0,27,1,3340,66,6,22,3,1,1,160.24,0,0,3.8162862562233264e-08,0,6.115217096972259e-06
10,0,41,1,15565,184,160,34,2,1,1,1428.705,0,0,4.264234878856386e-09,0,6.092333692596512e-06
14,0,39,2,11960,161,27,52,4,1,1,370.525,0,0,1.6238136124938402e-08,0,6.016635387692801e-06
5,0,13,0,8437,164,57,35,4,1,1,357.525,0,0,1.6822405539680415e-08,0,6.01443054057424e-06
2,0,36,1,2688,62,16,46,1,1,1,239.25,0,0,2.5010557111351516e-08,0,5.98377578889085e-06
17,0,41,2,15850,191,162,34,2,1,1,1450.845,0,0,4.111205820489557e-09,0,5.964722408628172e-06
0,0,36,0,2333,55,0,31,1,1,1,131.34,0,0,4.531876351078909e-08,0,5.952166399507039e-06
13,0,37,2,16085,192,171,45,2,1,1,1501.965,0,0,3.947951762734815e-09,0,5.929685369315996e-06
13,0,36,1,9000,115,112,39,3,1,1,812.6,0,0,7.062183987929756e-09,0,5.73873070859172e-06
6,0,34,3,6965,116,271,33,2,2,1,1538.145,0,0,3.671824402436003e-09,0,5.647798345484926e-06
14,0,43,1,15745,192,165,36,2,1,1,1459.665,0,0,3.790249427546363e-09,0,5.532494430659462e-06
9,0,33,4,7090,114,267,30,3,2,1,1356.16,0,0,4.060847156758569e-09,0,5.5071584801097015e-06
9,0,15,0,5897,134,69,37,1,2,1,711.205,0,0,7.713402139363949e-09,0,5.4858101685263375e-06
10,0,34,5,7565,126,292,48,2,2,1,1660.095,0,0,3.2807759936571566e-09,0,5.4463998231902774e-06
7,0,40,1,5623,91,7,17,3,1,1,256.56,0,0,2.0990436405358494e-08,0,5.385306364158775e-06
8,0,34,3,7210,119,273,33,2,2,1,1558.305,0,0,3.4510566565308544e-09,0,5.377798843155313e-06
27,0,38,3,15385,228,56,32,3,1,1,848.52,0,0,6.320685598774583e-09,0,5.3632281442722095e-06
10,0,36,2,11590,152,7,44,4,1,1,311.05,0,0,1.718900171489166e-08,0,5.346638983417051e-06
15,0,43,2,15870,190,167,36,2,1,1,1474.2,0,0,3.5769784317084154e-09,0,5.2731816040245465e-06
13,0,40,1,6413,102,23,17,3,1,1,352.6,0,0,1.49187578470835e-08,0,5.260354016881642e-06
25,0,38,3,15140,225,54,32,3,1,1,830.6,0,0,6.320685598774583e-09,0,5.2499614583421686e-06
25,0,34,8,10660,97,7,40,5,1,1,171.855,0,0,3.045492921797883e-08,0,5.233831860755751e-06
1,0,35,1,2955,28,32,18,3,1,1,247.32,0,0,2.114072599965032e-08,0,5.228524354233517e-06
9,0,40,0,4075,67,7,4,3,1,1,193.68,0,0,2.6979380317818916e-08,0,5.225366379955168e-06
14,0,34,2,2133,55,52,76,5,1,1,110.82,0,0,4.684843282870563e-08,0,5.1917433260771575e-06
14,0,44,3,11770,166,26,50,4,1,1,363.4,0,0,1.4242806527450316e-08,0,5.175835892075444e-06
18,0,36,2,14645,218,38,27,3,1,1,746.52,0,0,6.8963088793392685e-09,0,5.148232504604351e-06
7,0,37,1,11465,154,11,47,4,1,1,317.975,0,0,1.6134601405391633e-08,0,5.130399881879405e-06
24,0,38,9,10550,98,0,41,5,1,1,159.72,0,0,3.199397571675754e-08,0,5.110077801480514e-06
10,0,40,2,8810,121,145,42,3,1,1,937.24,0,0,5.443230953140729e-09,0,5.101613778521617e-06
2,0,35,1,7803,131,398,56,2,1,1,2148.03,0,0,2.3455856546509217e-09,0,5.038388353759819e-06
0,0,38,0,3493,78,5,30,2,1,1,183.195,0,0,2.7441996706019607e-08,0,5.027236586559261e-06
5,0,32,4,7260,120,285,46,2,2,1,1614.6,0,0,3.0920362895357364e-09,0,4.9924017930844e-06
15,0,45,2,4675,83,20,20,3,1,1,270.32,0,0,1.8464917522575945e-08,0,4.9914365047027295e-06
7,0,27,1,3530,67,15,25,3,1,1,203.88,0,0,2.445383212123511e-08,0,4.985647292877414e-06
1,0,37,1,6255,83,184,26,3,1,1,989.52,0,0,4.984094310667392e-09,0,4.931861002291598e-06
3,0,41,0,7463,131,392,47,2,1,1,2105.73,0,0,2.3394106653647158e-09,0,4.926167220378443e-06
0,0,30,1,6600,107,259,29,2,2,1,1467.315,0,0,3.339097900318204e-09,0,4.899508435605405e-06
16,0,42,1,15970,196,168,37,2,1,1,1483.47,0,0,3.296737688779183e-09,0,4.890611459173254e-06
11,0,35,3,7155,116,246,31,2,2,1,1434.195,0,0,3.4096600972255494e-09,0,4.890117463140397e-06
0,0,25,0,2980,58,6,23,3,1,1,145.52,0,0,3.351700658672581e-08,0,4.87739479850034e-06
24,0,35,9,10560,91,7,39,5,1,1,170.265,0,0,2.8637977988570258e-08,0,4.876045322223914e-06
6,0,39,0,13368,164,0,46,3,1,1,541.28,0,0,8.845084460860008e-09,0,4.787667316974305e-06
0,0,36,1,6310,86,211,28,3,1,1,1099.84,0,0,4.349711321455762e-09,0,4.783986499789905e-06
20,0,41,2,6303,112,44,31,2,1,1,486.675,0,0,9.821451166912819e-09,0,4.7798547466572964e-06
11,0,37,3,12065,164,32,62,4,1,1,385.725,0,0,1.2390111519496782e-08,0,4.779175765857897e-06
7,0,40,1,3550,78,35,30,3,1,1,285.12,0,0,1.6691287504696627e-08,0,4.759019893339103e-06
8,0,34,3,7155,117,280,36,2,2,1,1587.24,0,0,2.981317349686455e-09,0,4.732066150116328e-06
6,0,30,3,7010,112,263,29,2,2,1,1503.99,0,0,3.0980763561642663e-09,0,4.659475858907495e-06
35,0,39,5,16640,254,22,88,2,2,1,859.23,0,0,5.419854943804778e-09,0,4.656901963365379e-06
3,0,38,0,3915,73,0,10,3,1,1,159.52,0,0,2.9036590833293476e-08,0,4.631916969726976e-06
8,0,35,1,15780,186,164,43,2,1,1,1456.47,0,0,3.145198907533778e-09,0,4.580887852855722e-06
0,0,38,0,1793,48,0,18,1,1,1,101.255,0,0,4.509742689838199e-08,0,4.566339960595668e-06
6,0,40,0,3973,62,4,37,2,1,1,199.575,0,0,2.287563546400031e-08,0,4.565404947727861e-06
30,0,39,3,15330,225,29,30,3,1,1,738.2,0,0,6.160364988002857e-09,0,4.547581434143709e-06
5,0,43,1,2393,64,10,34,2,1,1,155.565,0,0,2.9151220273290513e-08,0,4.534909581814439e-06
2,0,37,1,3833,88,34,32,3,1,1,292.84,0,0,1.5395861866642782e-08,0,4.508524189027672e-06
13,0,45,3,7065,102,208,34,4,1,1,699.175,0,0,6.4142681264512986e-09,0,4.484695917311586e-06
19,0,30,2,15365,227,0,80,2,1,1,701.64,0,0,6.3402073517515475e-09,0,4.448543086282956e-06
7,0,35,1,7733,131,381,41,3,1,1,1838.56,0,0,2.4178442671606457e-09,0,4.445351755830877e-06
0,0,27,1,6660,104,256,30,2,2,1,1456.38,0,0,3.0518910921715125e-09,0,4.444713148816748e-06
4,0,39,0,13648,171,4,47,3,1,1,568.76,0,0,7.757470735259906e-09,0,4.4121390553864245e-06
11,0,27,3,4130,77,36,40,3,1,1,312.28,0,0,1.4015863027000478e-08,0,4.376873706071709e-06
15,0,40,3,6823,111,35,29,3,1,1,417.36,0,0,1.0337543442558225e-08,0,4.314477131186101e-06
10,0,35,1,9000,116,146,44,3,1,1,948.64,0,0,4.545510486906807e-09,0,4.312053068299274e-06
17,0,36,3,6418,108,47,39,2,1,1,505.17,0,0,8.494307360348519e-09,0,4.2910692492272615e-06
10,0,15,0,8742,170,64,37,4,1,1,382.8,0,0,1.1203520465485836e-08,0,4.288707634187978e-06
10,0,35,1,9055,118,139,41,3,1,1,922.92,0,0,4.545510486906807e-09,0,4.1951425385760305e-06
11,0,41,2,6338,107,46,18,3,1,1,441.8,0,0,9.467408337817342e-09,0,4.182701003647702e-06
2,0,37,1,4325,83,27,27,3,1,1,284.32,0,0,1.4547765052154125e-08,0,4.13622055962846e-06
12,0,39,1,6628,106,15,12,3,1,1,329.36,0,0,1.2485434963872551e-08,0,4.1122028597010634e-06
7,0,12,0,8513,159,34,34,4,1,1,301.8,0,0,1.3609359813286693e-08,0,4.107304791649924e-06
7,0,36,2,6670,112,257,20,3,2,1,1299.28,0,0,3.1130044458330132e-09,0,4.044664416381917e-06
0,0,25,0,2625,51,0,8,3,1,1,107.04,0,0,3.748805866843865e-08,0,4.012721799869673e-06
14,0,15,0,9122,172,82,43,4,1,1,437.35,0,0,9.019553976405473e-09,0,3.944701931580934e-06
9,0,31,3,7270,116,270,34,2,2,1,1547.37,0,0,2.535331125981329e-09,0,3.923095324409729e-06
29,0,38,5,15740,235,75,47,3,1,1,939.0,0,0,4.176426703248795e-09,0,3.921664674350619e-06
9,0,13,0,8817,166,75,41,4,1,1,412.075,0,0,9.511894198460922e-09,0,3.9196138018307844e-06
22,0,39,2,15015,227,58,35,3,1,1,841.68,0,0,4.605398883808295e-09,0,3.876272132523765e-06
5,0,34,1,11285,146,0,42,4,1,1,285.775,0,0,1.354087625244368e-08,0,3.869643911042092e-06
10,0,15,0,8688,168,71,40,4,1,1,398.9,0,0,9.679548660483936e-09,0,3.861171960667042e-06
20,0,32,2,14880,215,39,26,3,1,1,759.8,0,0,5.079793211142784e-09,0,3.859626881826287e-06
8,0,40,2,7928,139,423,49,3,1,1,2014.68,0,0,1.8964507360505583e-09,0,3.820741368906339e-06
10,0,43,1,4370,77,13,18,3,1,1,229.88,0,0,1.628990377005791e-08,0,3.7447230786609123e-06
15,0,40,2,9295,129,155,48,3,1,1,996.96,0,0,3.739680473947013e-09,0,3.7283118453062147e-06
1,0,37,1,6310,85,177,23,3,1,1,963.8,0,0,3.865149042395922e-09,0,3.7252306470611895e-06
0,0,38,0,1443,21,3,8,3,1,1,70.56,0,0,5.261538866208285e-08,0,3.712541823996566e-06
21,0,40,3,14915,221,57,34,3,1,1,833.44,0,0,4.430409039105488e-09,0,3.6924801095520782e-06
32,0,45,5,15445,237,69,35,3,2,1,903.28,0,0,4.079397908497397e-09,0,3.684838542787529e-06
5,0,42,2,6500,92,194,27,3,1,1,1039.68,0,0,3.5373944711735354e-09,0,3.6777582837897017e-06
8,0,39,1,7813,133,391,45,3,1,1,1881.84,0,0,1.939080317077056e-09,0,3.649038903888287e-06
12,0,14,0,8818,165,41,36,4,1,1,327.075,0,0,1.1147970394339307e-08,0,3.6462224167285287e-06
22,0,41,3,14835,225,55,31,3,1,1,822.4,0,0,4.389694176005493e-09,0,3.6100844903469174e-06
0,0,37,0,5900,76,165,11,3,1,1,899.04,0,0,4.009255332915237e-09,0,3.6044809145041146e-06
9,0,16,0,8808,173,77,43,4,1,1,417.025,0,0,8.55951572424961e-09,0,3.5695320449051933e-06
23,0,26,2,16075,232,0,79,2,1,1,733.815,0,0,4.8114435820842415e-09,0,3.530709472187148e-06
9,0,13,0,8873,168,68,38,4,1,1,396.025,0,0,8.89259164224749e-09,0,3.521688605121062e-06
17,0,27,1,15710,229,0,76,2,1,1,717.255,0,0,4.882044359758529e-09,0,3.5016707272586035e-06
14,0,12,0,6392,135,77,41,1,2,1,782.485,0,0,4.4289506128932025e-09,0,3.4655874203297377e-06
0,0,18,0,2920,49,0,20,3,1,1,118.76,0,0,2.8880807259768617e-08,0,3.429884670170121e-06
9,0,42,2,11465,160,19,48,4,1,1,338.125,0,0,1.0025477908468095e-08,0,3.3898647178007745e-06
11,0,42,1,15485,188,158,31,2,1,1,1416.285,0,0,2.3105465857887552e-09,0,3.2723924712538275e-06
23,0,36,8,10625,94,10,45,5,1,1,175.785,0,0,1.843936257411656e-08,0,3.241363350091079e-06
6,0,39,1,7568,130,389,45,3,1,1,1863.92,0,0,1.714400012526149e-09,0,3.19550447134774e-06
9,0,41,1,4695,91,13,30,3,1,1,243.44,0,0,1.3088537070988407e-08,0,3.186273464561418e-06
6,0,39,1,7623,132,382,42,3,1,1,1838.2,0,0,1.714400012526149e-09,0,3.151410103025567e-06
5,0,37,1,7753,130,386,43,3,1,1,1859.32,0,0,1.6842500377832745e-09,0,3.131559780251198e-06
9,0,38,1,8218,138,392,43,3,1,1,1902.24,0,0,1.6460511956101875e-09,0,3.131184426337523e-06
8,0,17,0,8708,167,76,42,4,1,1,411.875,0,0,7.59101829691336e-09,0,3.1265506610411903e-06
8,0,35,1,8810,115,137,41,3,1,1,905.0,0,0,3.4201117389374683e-09,0,3.095201123738409e-06
0,0,22,0,2805,49,0,17,3,1,1,114.16,0,0,2.7089318566584187e-08,0,3.0925166075612506e-06
13,0,38,2,12175,165,19,47,4,1,1,356.0,0,0,8.653586807059252e-09,0,3.0806769033130936e-06
8,0,15,0,8333,161,52,25,4,1,1,342.35,0,0,8.913032877514912e-09,0,3.0513768056172305e-06
6,0,35,1,8620,114,128,38,3,1,1,861.36,0,0,3.533377104877785e-09,0,3.043509703057529e-06
7,0,38,1,4515,83,2,25,3,1,1,191.92,0,0,1.553683730921894e-08,0,2.9818298163852985e-06
3,0,42,0,2348,62,10,37,1,1,1,187.55,0,0,1.5802944814405243e-08,0,2.9638422999417034e-06
11,0,32,1,9115,115,136,42,3,1,1,913.2,0,0,3.147735018797635e-09,0,2.8745116191660003e-06
19,0,25,1,15690,230,0,74,2,1,1,716.4,0,0,3.991780518670507e-09,0,2.859711563575551e-06
15,0,41,3,11830,163,23,51,4,1,1,357.325,0,0,7.856452396278742e-09,0,2.8073068525003014e-06
4,0,40,1,11160,154,12,46,4,1,1,312.85,0,0,8.935104803209971e-09,0,2.7953475376842397e-06
26,0,38,9,10740,99,8,44,5,1,1,174.585,0,0,1.5581823402312675e-08,0,2.7203526386927584e-06
26,0,38,9,10740,99,8,44,5,2,1,174.585,0,0,1.5581823402312675e-08,0,2.7203526386927584e-06
23,0,36,8,10680,96,7,42,5,1,1,172.14,0,0,1.578646473027262e-08,0,2.7174820386691286e-06
18,0,40,4,9535,133,183,49,3,1,1,1118.72,0,0,2.419668182243843e-09,0,2.7069311888398322e-06
0,0,40,0,7203,127,385,42,3,1,1,1833.2,0,0,1.4544679455857916e-09,0,2.666330637847873e-06
10,0,38,2,6518,105,28,27,3,1,1,376.92,0,0,7.023512351911575e-09,0,2.647302275682511e-06
6,0,32,1,8630,107,126,36,3,1,1,853.48,0,0,3.094265890377305e-09,0,2.6408940521192224e-06
21,0,37,9,10550,99,33,46,5,1,1,209.235,0,0,1.2542685616821567e-08,0,2.6243688250356606e-06
14,0,18,0,9113,179,84,45,4,1,1,442.3,0,0,5.87778688091665e-09,0,2.5997451374294343e-06
10,0,32,3,7190,120,268,31,3,2,1,1364.4,0,0,1.8891853268848976e-09,0,2.5776044600017544e-06
17,0,16,0,9123,171,48,38,4,1,1,352.35,0,0,7.304946611422381e-09,0,2.573897938534676e-06
6,0,35,4,7080,122,303,37,3,2,1,1500.08,0,0,1.7065214002133372e-09,0,2.5599186220320228e-06
8,0,43,1,5918,101,15,13,3,1,1,300.76,0,0,8.466344255085684e-09,0,2.5463376981595702e-06
5,0,37,1,11275,153,2,44,4,1,1,290.7,0,0,8.727366254741385e-09,0,2.5370453702533205e-06
10,0,39,1,8003,134,400,48,3,1,1,1925.48,0,0,1.2987980194392977e-09,0,2.500809610469979e-06
23,0,41,9,10435,99,9,43,5,2,1,171.51,0,0,1.4573078301300357e-08,0,2.499428659456024e-06
3,0,37,3,6660,116,272,32,2,2,1,1528.92,0,0,1.629133646735257e-09,0,2.4908150151664694e-06
12,0,43,1,4198,72,9,36,1,1,1,284.35,0,0,8.751824626633394e-09,0,2.4885813325832057e-06
0,0,36,0,4020,76,0,20,3,1,1,163.84,0,0,1.508147935665847e-08,0,2.470949577794924e-06
20,0,30,3,15885,238,25,82,2,1,1,838.035,0,0,2.932155533140564e-09,0,2.4572489622154525e-06
4,0,42,1,3050,31,491,12,3,1,1,2087.24,0,0,1.1709471788041405e-09,0,2.444047789487154e-06
3,0,39,1,2840,28,8,15,3,1,1,146.72,0,0,1.6637715783242153e-08,0,2.4410856597172887e-06
8,0,42,2,4103,90,19,34,3,1,1,243.72,0,0,1.0011539764686625e-08,0,2.440012471449424e-06
12,0,39,2,11770,160,18,49,4,1,1,343.25,0,0,6.9757614962539165e-09,0,2.394430133589157e-06
10,0,39,2,11525,157,16,49,4,2,1,332.05,0,0,7.184467420937697e-09,0,2.3856024071223624e-06
8,0,31,1,8855,111,129,37,3,1,1,874.64,0,0,2.694925415237339e-09,0,2.357089565183186e-06
11,0,36,1,13998,173,7,42,3,1,1,594.84,0,0,3.928370480128037e-09,0,2.3367518963993614e-06
13,0,36,4,7460,123,287,38,3,2,1,1451.32,0,0,1.6033722261190274e-09,0,2.3270061792110666e-06
11,0,36,4,7270,122,278,35,3,2,1,1407.68,0,0,1.6478609746364531e-09,0,2.3196609367762423e-06
23,0,19,2,6887,148,101,47,2,2,1,771.075,0,0,2.9715502027069843e-09,0,2.2912880725522883e-06
18,0,24,1,15770,226,0,77,2,1,1,719.82,0,0,3.1824990946865018e-09,0,2.290826498337238e-06
6,0,36,1,7633,125,380,40,3,1,1,1830.32,0,0,1.250506026654381e-09,0,2.2888261907060464e-06
22,0,38,4,6723,114,54,41,3,1,1,489.48,0,0,4.634011025492779e-09,0,2.2682557167582057e-06
5,0,38,1,3833,87,0,27,3,1,1,156.8,0,0,1.4449117685476641e-08,0,2.2656216530827374e-06
0,0,19,0,2965,51,0,17,3,1,1,120.64,0,0,1.851722232973208e-08,0,2.2339177018588783e-06
0,0,20,0,3225,55,0,22,3,1,1,131.2,0,0,1.700071446216847e-08,0,2.230493737436503e-06
6,0,23,1,3450,65,7,21,3,1,1,168.6,0,0,1.318735772971731e-08,0,2.2233885132303382e-06
8,0,41,2,11545,156,21,51,4,1,1,345.025,0,0,6.119088161929549e-09,0,2.1112383930697426e-06
7,0,13,0,8628,165,66,38,4,1,1,384.825,0,0,5.47043939219837e-09,0,2.1051618391027374e-06
7,0,13,0,8627,165,66,38,4,1,1,384.8,0,0,5.47043939219837e-09,0,2.1050250781179327e-06
10,0,39,2,11580,159,9,46,4,1,1,315.975,0,0,6.650186726248428e-09,0,2.101292750826347e-06
0,0,23,0,3165,58,3,21,3,1,1,140.92,0,0,1.4757296508927714e-08,0,2.079598224038093e-06
7,0,28,2,3645,73,47,29,4,1,1,210.45,0,0,9.591483028017894e-09,0,2.0185276032463656e-06
17,0,45,3,12030,170,33,55,4,1,1,387.5,0,0,5.132030631798926e-09,0,1.9886618698220838e-06
19,0,45,2,16050,198,172,38,2,1,1,1505.16,0,0,1.3176193464305056e-09,0,1.98322793547334e-06
0,0,36,0,3610,67,0,8,3,1,1,147.08,0,0,1.3411026994295095e-08,0,1.9724938503209227e-06
10,0,38,1,8990,123,148,46,3,1,1,956.52,0,0,2.0581068119570093e-09,0,1.9686203277731186e-06
7,0,34,1,13818,165,7,40,3,1,1,587.32,0,0,3.350534623531286e-09,0,1.967835995092395e-06
35,0,46,5,15705,241,76,40,3,1,1,941.84,0,0,2.0450196325353663e-09,0,1.9260812907071096e-06
27,0,20,3,7407,158,100,44,2,2,1,790.425,0,0,2.4286478604720607e-09,0,1.9196639851136283e-06
7,0,41,1,11420,158,19,51,4,1,1,336.95,0,0,5.685562544357574e-09,0,1.9157502993212844e-06
17,0,35,2,9340,125,141,41,3,1,1,942.6,0,0,2.029723794860857e-09,0,1.913217649035844e-06
11,0,40,1,6223,101,14,14,3,1,1,308.96,0,0,6.167877599749517e-09,0,1.9056274632186107e-06
14,0,39,1,8820,117,130,30,3,1,1,877.48,0,0,2.170411128967098e-09,0,1.904492357446049e-06
22,0,38,7,10140,89,7,29,5,1,1,163.935,0,0,1.153557258252077e-08,0,1.8910840913155424e-06
0,0,21,0,2860,52,0,19,3,1,1,116.48,0,0,1.6219727891242454e-08,0,1.889273904771921e-06
9,0,42,1,4450,73,15,21,3,1,1,240.92,0,0,7.800694857315148e-09,0,1.8793434050243653e-06
11,0,37,5,7385,128,310,39,3,2,1,1540.52,0,0,1.205112538977883e-09,0,1.8564999685462084e-06
18,0,39,3,16390,198,178,47,2,1,1,1547.46,0,0,1.1903860693139808e-09,0,1.8420748268206128e-06
23,0,24,3,6697,153,100,45,2,2,1,758.25,0,0,2.4286478604720607e-09,0,1.84152224020294e-06
19,0,33,8,10255,85,0,37,5,1,1,155.1,0,0,1.1820447398752337e-08,0,1.8333513915464873e-06
7,0,42,0,13728,173,8,48,3,1,1,588.04,0,0,3.1012295742919714e-09,0,1.8236470388666508e-06
24,0,21,3,6758,150,97,46,2,2,1,747.36,0,0,2.4286478604720607e-09,0,1.8150742650023994e-06
2,0,36,3,6740,112,274,35,2,2,1,1541.34,0,0,1.1712738174197878e-09,0,1.8053311857418156e-06
11,0,40,0,3903,62,7,22,1,1,1,256.575,0,0,7.032364711189262e-09,0,1.804328975773385e-06
11,0,15,0,6088,135,78,40,1,2,1,771.265,0,0,2.338095329414655e-09,0,1.8032910942409938e-06
11,0,15,0,6087,135,78,40,1,2,1,771.21,0,0,2.338095329414655e-09,0,1.803162498997876e-06
17,0,37,5,7980,133,286,35,3,2,1,1468.52,0,0,1.21220259570838e-09,0,1.78014375584967e-06
8,0,42,0,4325,75,13,21,3,1,1,228.0,0,0,7.773016158610562e-09,0,1.7722476841632081e-06
6,0,38,1,11060,149,0,49,4,1,1,280.225,0,0,6.3218922866855e-09,0,1.7715522660364444e-06
0,0,19,0,2840,53,0,17,3,1,1,115.72,0,0,1.52136112959753e-08,0,1.7605190991702617e-06
11,0,34,2,8935,113,133,38,3,1,1,893.92,0,0,1.939793195399443e-09,0,1.73401993323147e-06
11,0,41,2,7873,136,396,47,3,1,1,1904.36,0,0,8.959352989604092e-10,0,1.7061833459282447e-06
7,0,37,2,8108,137,405,58,3,1,1,1949.8,0,0,8.72033212715543e-10,0,1.7002903581527658e-06
5,0,35,0,6490,93,7,9,5,1,1,109.245,0,0,1.531852680094006e-08,0,1.6734724603686967e-06
8,0,39,4,6965,122,279,34,3,2,1,1399.48,0,0,1.1947338626111886e-09,0,1.6720061460471064e-06
16,0,44,2,15790,194,165,33,3,1,1,1299.36,0,0,1.2623381437596575e-09,0,1.6402316904755484e-06
10,0,44,2,7813,139,399,46,3,1,1,1914.08,0,0,8.433972208133894e-10,0,1.6143297524144923e-06
15,0,18,1,5987,136,67,44,2,2,1,577.035,0,0,2.7317964161885153e-09,0,1.57634214501534e-06
12,0,38,1,11655,154,7,45,3,1,1,500.36,0,0,3.1211337651361147e-09,0,1.5616904907235064e-06
5,0,33,1,6975,98,23,25,5,1,1,140.595,0,0,1.0947279470588449e-08,0,1.539132757167383e-06
10,0,42,1,7993,141,402,50,3,1,1,1933.36,0,0,7.879004792207014e-10,0,1.523295270506135e-06
16,0,16,0,6278,135,53,38,1,2,1,644.215,0,0,2.3140223279935118e-09,0,1.4907278940283402e-06
7,0,36,1,8405,110,119,43,3,1,1,816.6,0,0,1.7996806318549795e-09,0,1.4696192039727762e-06
12,0,35,3,9410,125,158,56,3,1,1,1013.4,0,0,1.4453964222936953e-09,0,1.4647647343524308e-06
0,0,39,0,3413,82,3,27,3,1,1,151.8,0,0,9.613587769246401e-09,0,1.4593426233716038e-06
13,0,41,5,7270,128,286,36,3,2,1,1439.92,0,0,1.0058923601957778e-09,0,1.4484045272931045e-06
8,0,36,1,11870,159,12,45,3,1,1,529.16,0,0,2.7310765818398235e-09,0,1.4451764840463608e-06
13,0,15,0,6277,136,87,43,1,2,1,831.215,0,0,1.689465935698857e-09,0,1.4043094277419253e-06
15,0,13,0,6313,139,75,38,1,2,1,767.36,0,0,1.8274550794163815e-09,0,1.4023159297409545e-06
26,0,25,3,6958,157,107,50,2,2,1,801.675,0,0,1.7480267263499182e-09,0,1.4013493258465706e-06
9,0,41,0,13953,177,11,49,3,1,1,609.2,0,0,2.2866594560868667e-09,0,1.3930329406481192e-06
16,0,40,3,14678,185,28,61,3,1,1,706.52,0,0,1.962619192903847e-09,0,1.3866297121704258e-06
13,0,18,0,6268,143,89,45,1,2,1,842.105,0,0,1.6269229159089456e-09,0,1.3700399221015027e-06
0,0,39,1,6275,82,189,28,3,1,1,1010.28,0,0,1.3389857208431184e-09,0,1.3527504940533857e-06
8,0,13,0,6028,132,73,38,1,2,1,740.3,0,0,1.8205293993477755e-09,0,1.347737914337158e-06
13,0,15,0,6333,138,80,40,1,2,1,795.905,0,0,1.689465935698857e-09,0,1.3446543855523987e-06
23,0,22,2,6878,155,103,49,2,2,1,779.985,0,0,1.7051721286469774e-09,0,1.3300086827627126e-06
0,0,24,0,2515,50,0,23,3,1,1,102.6,0,0,1.2683225750548947e-08,0,1.3012989620063218e-06
1,0,21,0,3145,59,0,19,3,1,1,128.16,0,0,9.94573021859658e-09,0,1.2746447848153377e-06
15,0,23,1,15510,222,0,72,2,1,1,707.94,0,0,1.7854967933081704e-09,0,1.2640245998545862e-06
22,0,18,2,7102,152,93,42,2,2,1,744.93,0,0,1.683371894649824e-09,0,1.2539942254814934e-06
9,0,36,4,7080,121,269,32,3,2,1,1364.04,0,0,9.190651246447698e-10,0,1.2536415926204517e-06
13,0,37,2,9115,121,144,43,3,1,1,945.44,0,0,1.3172562122189975e-09,0,1.245386713280329e-06
6,0,35,2,11760,158,25,60,3,1,1,576.72,0,0,2.1579232686343387e-09,0,1.244517507486796e-06
16,0,34,2,9420,121,143,44,3,1,1,953.64,0,0,1.2831748125753614e-09,0,1.2236868282643676e-06
23,0,45,4,9680,137,166,51,3,1,1,1056.68,0,0,1.1571847171845227e-09,0,1.2227739469545417e-06
11,0,37,2,8870,118,142,43,3,1,1,927.52,0,0,1.3172562122189975e-09,0,1.2217814819573647e-06
20,0,25,2,15815,228,0,74,2,1,1,721.935,0,0,1.689441926313508e-09,0,1.2196672570731422e-06
6,0,14,0,8222,160,48,40,4,1,1,329.55,0,0,3.668345414271653e-09,0,1.2089032312732233e-06
11,0,37,2,8925,120,135,40,3,1,1,901.8,0,0,1.3172562122189975e-09,0,1.187901652179092e-06
25,0,19,4,7298,157,113,59,2,2,1,843.975,0,0,1.393637111445859e-09,0,1.176194881132519e-06
15,0,37,2,9360,124,146,43,3,1,1,963.36,0,0,1.2054385721118785e-09,0,1.1612713028296994e-06
3,0,38,1,7623,133,416,47,3,1,1,1974.24,0,0,5.810292297829847e-10,0,1.1470911466067598e-06
19,0,36,8,10245,92,0,39,5,2,1,155.055,0,0,7.370493370651077e-09,0,1.1428318495863028e-06
14,0,40,1,14268,176,16,49,3,1,1,641.76,0,0,1.7601788832406378e-09,0,1.1296124001085117e-06
14,0,36,2,9520,126,145,41,3,1,1,965.84,0,0,1.1381908844536386e-09,0,1.0993102838407024e-06
10,0,37,1,13898,167,7,41,3,1,1,590.6,0,0,1.8291553305014156e-09,0,1.080299138194136e-06
0,0,23,0,2730,54,0,18,3,1,1,111.36,0,0,9.69340689790123e-09,0,1.079457792150281e-06
7,0,39,1,13888,175,32,48,3,1,1,690.52,0,0,1.5587134852829911e-09,0,1.076322835857611e-06
22,0,23,3,6778,149,102,48,2,2,1,770.715,0,0,1.375819781080456e-09,0,1.0603649425754237e-06
5,0,42,1,7508,133,392,44,3,1,1,1873.64,0,0,5.641024533420185e-10,0,1.0569249206797397e-06
18,0,26,2,15590,224,0,73,2,1,1,711.63,0,0,1.4591312131047692e-09,0,1.0383615451817468e-06
14,0,42,2,6283,104,19,16,3,1,1,331.48,0,0,3.129986743810073e-09,0,1.037528005838163e-06
15,0,37,2,9305,122,153,46,3,1,1,989.08,0,0,1.0470403281660636e-09,0,1.0356066477824903e-06
8,0,36,2,8925,121,169,45,3,1,1,1037.84,0,0,9.83042449332356e-10,0,1.0202407756150922e-06
14,0,38,5,7330,125,283,37,3,2,1,1430.2,0,0,7.008022174140282e-10,0,1.0022873313455433e-06
6,0,39,1,4110,78,0,27,3,1,1,167.52,0,0,5.973166612392953e-09,0,1.0006248709080676e-06
11,0,13,1,9228,175,87,53,4,1,1,452.575,0,0,2.192775013197909e-09,0,9.923951515980437e-07
13,0,41,2,9070,125,152,47,3,1,1,975.8,0,0,9.93996940472921e-10,0,9.699422145134763e-07
20,0,37,8,10030,88,0,44,5,1,1,151.77,0,0,6.236052376052356e-09,0,9.464456691134661e-07
17,0,41,2,6933,112,22,14,3,1,1,369.8,0,0,2.5248672376171353e-09,0,9.336959044708167e-07
12,0,39,3,8413,143,412,60,3,1,1,1990.24,0,0,4.665122935225273e-10,0,9.284714270602746e-07
20,0,36,2,14835,219,47,30,3,1,1,790.16,0,0,1.1721298559860825e-09,0,9.261701270059629e-07
15,0,36,6,7870,132,299,50,3,2,1,1516.08,0,0,6.077139314578362e-10,0,9.213429372045963e-07
16,0,36,3,9240,119,140,40,3,1,1,934.36,0,0,9.734886111476704e-10,0,9.095888187119374e-07
20,0,37,3,14950,225,79,34,3,1,1,923.0,0,0,9.842760094294144e-10,0,9.084867567033495e-07
9,0,43,2,7893,135,401,49,3,1,1,1925.12,0,0,4.627064184774353e-10,0,8.907653803392802e-07
0,0,22,0,3045,53,0,18,3,1,1,123.92,0,0,7.180858591485946e-09,0,8.898519966569384e-07
27,0,37,9,11145,104,9,42,5,2,1,182.235,0,0,4.8762458310837375e-09,0,8.88622659027545e-07
13,0,39,4,7450,130,289,40,3,2,1,1459.2,0,0,6.057294004810849e-10,0,8.838803411819991e-07
20,0,15,1,6618,145,82,40,2,2,1,673.335,0,0,1.3058495163225332e-09,0,8.792741840730329e-07
19,0,37,2,14430,214,29,32,3,1,1,701.76,0,0,1.2413827585739065e-09,0,8.711527646568246e-07
19,0,14,1,6697,141,84,43,1,2,1,838.09,0,0,1.0341213757710607e-09,0,8.666867838199684e-07
16,0,13,1,6438,137,77,38,2,2,1,642.375,0,0,1.3362090125366799e-09,0,8.583472644282497e-07
17,0,37,4,9715,131,165,58,3,2,1,1053.84,0,0,8.059514751931511e-10,0,8.493439026175502e-07
12,0,38,2,8710,116,126,45,3,1,1,857.04,0,0,9.734615088975308e-10,0,8.342954515855397e-07
11,0,44,1,6178,105,22,18,3,1,1,339.32,0,0,2.4483746741768963e-09,0,8.307824944417045e-07
12,0,44,2,6303,103,24,18,3,1,1,352.24,0,0,2.3066661019825673e-09,0,8.125000677623395e-07
13,0,43,1,6403,109,25,19,3,1,1,360.48,0,0,2.2458382329654172e-09,0,8.095797662193736e-07
5,0,38,1,4270,80,0,25,3,1,1,174.0,0,0,4.5528182999563475e-09,0,7.921903841924045e-07
4,0,41,2,6580,88,196,30,3,1,1,1050.72,0,0,7.468142995187539e-10,0,7.846927207903451e-07
18,0,17,1,6582,142,94,45,2,2,1,725.58,0,0,1.0767386094280724e-09,0,7.812600002288208e-07
19,0,42,3,6203,106,43,30,3,1,1,424.36,0,0,1.7803239641409687e-09,0,7.554982774228615e-07
6,0,36,1,14068,173,14,57,3,1,1,625.64,0,0,1.2049637679946274e-09,0,7.538735318081586e-07
12,0,41,2,14193,181,39,50,3,1,1,730.96,0,0,1.0273417079704611e-09,0,7.509456948580884e-07
18,0,17,1,6638,144,87,42,2,2,1,696.69,0,0,1.0767386094280724e-09,0,7.501530218024438e-07
0,0,40,1,2870,23,486,10,3,1,1,2059.72,0,0,3.6122681501776363e-10,0,7.440260954283881e-07
13,0,38,3,9230,127,176,47,3,1,1,1078.28,0,0,6.761862228447449e-10,0,7.291180803690315e-07
9,0,40,1,6033,100,5,11,3,1,1,265.32,0,0,2.747103769853564e-09,0,7.288615722175476e-07
5,0,33,1,7030,100,16,22,5,1,1,130.95,0,0,5.546617557341082e-09,0,7.263295691338146e-07
5,0,38,1,4325,82,0,22,3,1,1,176.28,0,0,4.045147392967252e-09,0,7.130785824322673e-07
9,0,39,2,8890,117,147,45,3,1,1,948.28,0,0,7.486828936332757e-10,0,7.099610143745626e-07
13,0,20,1,6087,141,86,41,2,2,1,667.26,0,0,1.057819391093772e-09,0,7.058405669012303e-07
12,0,39,4,7405,102,214,43,3,1,1,1156.28,0,0,6.057294004810849e-10,0,7.003927911882688e-07
8,0,41,1,3470,82,33,27,3,1,1,274.08,0,0,2.479321364826614e-09,0,6.795323996716784e-07
1,0,41,1,2790,27,484,7,3,1,1,2048.68,0,0,3.2451933596739043e-10,0,6.648362732096734e-07
16,0,35,8,10245,93,26,44,5,2,1,194.07,0,0,3.3659563275386614e-09,0,6.53231144485428e-07
18,0,20,1,6573,149,96,47,2,2,1,734.49,0,0,8.722183685592483e-10,0,6.406356695230823e-07
0,0,40,0,2168,54,5,35,1,1,1,149.71,0,0,4.275033160945009e-09,0,6.400152145250774e-07
12,0,19,1,6168,137,88,44,1,2,1,830.775,0,0,7.695628662777473e-10,0,6.393335902318954e-07
13,0,39,1,14483,180,8,44,3,1,1,618.52,0,0,1.028900794062167e-09,0,6.363957191433315e-07
21,0,41,4,9480,130,156,47,3,1,1,1008.4,0,0,6.281546497711973e-10,0,6.334311488292753e-07
14,0,41,3,9195,123,154,47,3,1,1,988.72,0,0,6.341500952097219e-10,0,6.269968821357562e-07
8,0,43,1,7768,137,399,49,3,1,1,1912.2,0,0,3.249012597112752e-10,0,6.212761888199005e-07
20,0,44,4,9420,133,159,46,3,1,1,1018.12,0,0,6.098074897458298e-10,0,6.208572014600243e-07
3,0,41,1,6455,90,194,30,3,1,1,1037.8,0,0,5.854855705291659e-10,0,6.076169250951683e-07
15,0,42,3,9115,127,152,44,3,1,1,977.68,0,0,6.115594167367219e-10,0,5.979094105551583e-07
18,0,38,2,9305,121,119,41,3,1,1,853.04,0,0,6.762722378742321e-10,0,5.768872697962349e-07
3,0,33,1,6785,97,14,22,5,1,1,124.23,0,0,4.389099628644649e-09,0,5.452578468665247e-07
14,0,14,1,6213,133,74,37,2,2,1,618.57,0,0,8.759954872081203e-10,0,5.41864528522327e-07
20,0,42,3,9600,135,162,50,3,1,1,1037.4,0,0,5.221549552837996e-10,0,5.416835506114138e-07
19,0,43,4,9500,129,161,49,3,1,1,1029.16,0,0,5.221549552837996e-10,0,5.373809937798752e-07
18,0,43,3,9375,131,159,49,3,1,1,1016.24,0,0,5.221549552837996e-10,0,5.306347517576085e-07
28,0,43,10,10740,105,16,45,5,2,1,186.675,0,0,2.8060432183881023e-09,0,5.23818117792599e-07
26,0,42,9,10695,103,16,48,5,2,1,185.97,0,0,2.8060432183881023e-09,0,5.218398573236354e-07
8,0,42,2,4595,85,12,29,3,1,1,235.2,0,0,2.1802686981191095e-09,0,5.127991977976145e-07
19,0,16,2,6518,139,81,39,2,2,1,664.065,0,0,7.619402922446608e-10,0,5.059778801694507e-07
16,0,39,3,9175,124,149,45,3,1,1,967.96,0,0,5.148590877338357e-10,0,4.983630025628437e-07
30,0,38,1,11340,109,29,59,5,1,1,215.235,0,0,2.2946198463703534e-09,0,4.93882502633523e-07
16,0,39,3,9230,126,142,42,3,1,1,942.24,0,0,5.148590877338357e-10,0,4.851208268263294e-07
21,0,18,1,6583,141,60,40,1,2,1,699.82,0,0,6.907225127486369e-10,0,4.833814288717511e-07
18,0,39,8,10130,93,2,41,5,1,1,156.345,0,0,3.0903369940608057e-09,0,4.831587373364366e-07
17,0,16,1,6797,146,86,40,1,2,1,854.865,0,0,5.556442502468624e-10,0,4.7500082198728405e-07
11,0,16,1,6203,141,110,44,2,2,1,780.48,0,0,5.954598678626948e-10,0,4.6474451766947604e-07
13,0,45,2,8073,143,406,51,3,1,1,1952.64,0,0,2.371932517637473e-10,0,4.631530311239636e-07
15,0,42,2,14138,178,12,48,3,1,1,620.64,0,0,7.363456443011276e-10,0,4.5700556067905184e-07
14,0,17,1,6202,140,76,39,2,2,1,627.39,0,0,7.223023410437412e-10,0,4.531652657474328e-07
6,0,40,1,2453,61,7,35,2,1,1,144.63,0,0,3.096517918720845e-09,0,4.4784938658459575e-07
14,0,43,1,14258,183,18,51,3,1,1,649.64,0,0,6.665799810955079e-10,0,4.3303701891888575e-07
0,0,41,0,2088,58,3,32,2,1,1,110.07,0,0,3.9294318213272245e-09,0,4.325125605734876e-07
21,0,36,8,10435,93,1,42,5,1,1,159.42,0,0,2.628502545063059e-09,0,4.190358757339529e-07
11,0,38,2,14373,179,21,59,3,1,1,666.08,0,0,6.1748450835985e-10,0,4.1129408132832893e-07
27,0,42,10,10820,101,18,48,5,1,1,190.815,0,0,2.1478530382333967e-09,0,4.0984257749050556e-07
18,0,39,3,9420,127,151,45,3,1,1,985.88,0,0,4.136181272605923e-10,0,4.0777783930367276e-07
0,0,23,0,2920,55,1,21,3,1,1,123.0,0,0,3.3067807704784863e-09,0,4.0673403476885383e-07
19,0,38,3,9825,132,152,43,3,1,1,1006.28,0,0,4.011426177243921e-10,0,4.036617933637012e-07
16,0,17,1,6393,141,85,42,2,2,1,676.53,0,0,5.785429364258291e-10,0,3.9140165278016614e-07
16,0,17,1,6392,141,85,42,2,2,1,676.485,0,0,5.785429364258291e-10,0,3.9137561834802703e-07
3,0,40,1,3798,84,12,32,3,1,1,203.28,0,0,1.914050818923782e-09,0,3.8908825047082644e-07
9,0,38,1,14018,172,7,44,3,1,1,595.6,0,0,6.530578915183596e-10,0,3.88961280188335e-07
9,0,43,2,4515,89,10,26,3,1,1,224.16,0,0,1.708474798222212e-09,0,3.82971710769491e-07
20,0,39,3,9610,128,160,48,3,1,1,1029.52,0,0,3.592674647025552e-10,0,3.698730402605746e-07
5,0,37,1,11220,151,9,47,3,1,1,490.84,0,0,7.507599688999598e-10,0,3.685030231348562e-07
15,0,15,2,6688,145,99,55,1,2,1,920.315,0,0,3.8878139470752836e-10,0,3.57801349270259e-07
6,0,41,0,1933,54,9,16,3,1,2,115.48,0,0,3.0555037201260103e-09,0,3.528495696001517e-07
0,0,25,0,3035,60,0,20,3,1,1,123.8,0,0,2.7630841299364923e-09,0,3.4206981528613774e-07
13,0,44,2,14158,177,17,50,3,1,1,641.4,0,0,5.322117835086202e-10,0,3.41360637942429e-07
16,0,21,1,6348,145,93,46,2,2,1,710.685,0,0,4.686520680920819e-10,0,3.3306399501202123e-07
18,0,41,2,14788,186,15,46,3,1,1,658.96,0,0,4.99412840582333e-10,0,3.2909308543013414e-07
16,0,18,2,6508,147,117,46,2,2,1,825.975,0,0,3.9011055575835614e-10,0,3.222215662925082e-07
16,0,46,2,6483,111,29,20,3,1,1,379.76,0,0,8.143554409936535e-10,0,3.0925962227174983e-07
17,0,21,2,6473,143,95,46,2,2,1,725.22,0,0,3.9011055575835614e-10,0,2.82915977247075e-07
13,0,45,2,6223,107,22,15,3,1,1,341.2,0,0,8.234556342067226e-10,0,2.8096306239133376e-07
4,0,37,2,6865,99,24,26,5,1,1,140.46,0,0,1.9477152490560683e-09,0,2.735760838824154e-07
21,0,23,2,6653,151,100,48,2,2,1,756.18,0,0,3.5649073245620723e-10,0,2.6957116206873474e-07
21,0,20,3,6813,153,124,48,2,2,1,871.47,0,0,3.0384106938248043e-10,0,2.647883767347502e-07
21,0,19,2,6698,147,92,44,2,2,1,722.025,0,0,3.5649073245620723e-10,0,2.57395221101693e-07
21,0,19,2,6697,147,92,44,2,2,1,721.98,0,0,3.5649073245620723e-10,0,2.573791790187325e-07
7,0,41,0,3893,66,2,34,1,1,1,228.745,0,0,1.1201116571547058e-09,0,2.5621994101585317e-07
18,0,22,2,6392,147,93,43,2,2,1,712.755,0,0,3.5649073245620723e-10,0,2.54090552011824e-07
19,0,19,2,6453,144,90,44,2,2,1,701.865,0,0,3.5649073245620723e-10,0,2.502083679353759e-07
20,0,17,3,6993,151,106,57,2,2,1,798.48,0,0,3.1135058560298353e-10,0,2.486072155922703e-07
23,0,39,8,10615,101,12,47,5,1,1,178.74,0,0,1.3612894719381744e-09,0,2.433168802142293e-07
19,0,19,2,6507,146,83,41,2,2,1,672.885,0,0,3.5649073245620723e-10,0,2.39877266508795e-07
12,0,44,1,14033,179,15,50,3,1,1,628.48,0,0,3.724421674173794e-10,0,2.340724533784746e-07
28,0,41,9,10920,107,19,49,5,2,1,193.905,0,0,1.1676663910496736e-09,0,2.2641635155648697e-07
3,0,39,1,11240,150,14,49,3,1,1,511.6,0,0,4.371283273827034e-10,0,2.236348522889911e-07
13,0,40,1,4313,71,0,34,1,1,1,241.12,0,0,8.714934026110671e-10,0,2.1013448923758048e-07
31,0,44,10,11000,109,23,50,5,1,1,201.135,0,0,1.0442197849633661e-09,0,2.1002914644860663e-07
13,0,40,1,4258,69,6,37,1,1,1,270.985,0,0,7.366009453085045e-10,0,1.9960780716442512e-07
18,0,39,3,6238,110,65,30,3,1,1,513.92,0,0,3.8371950032827577e-10,0,1.9720112560870747e-07
6,0,35,2,6845,100,19,24,5,1,1,132.675,0,0,1.4425111338792762e-09,0,1.91385164687433e-07
4,0,41,1,7588,129,394,47,3,1,1,1884.68,0,0,1.0045817617125486e-10,0,1.8933151546644061e-07
26,0,39,10,10855,105,40,48,5,2,1,224.4,0,0,8.121119893938856e-10,0,1.8223793041998792e-07
5,0,36,1,6965,105,25,27,5,1,1,143.55,0,0,1.185802929831427e-09,0,1.7022201057730135e-07
32,0,39,10,11450,110,16,44,5,1,1,197.4,0,0,8.506353397531391e-10,0,1.6791541606726967e-07
11,0,33,2,1873,51,45,71,5,1,1,96.36,0,0,1.6582280004886375e-09,0,1.597868501270851e-07
6,0,40,1,2508,63,0,32,2,1,1,115.695,0,0,1.3407820252866907e-09,0,1.5512177641554368e-07
0,0,40,1,6195,86,187,25,3,1,1,999.24,0,0,1.4504324137306226e-10,0,1.4493300850961874e-07
9,0,43,1,13773,175,8,45,3,1,1,589.92,0,0,2.4405906381016506e-10,0,1.4397532292289255e-07
7,0,42,1,4470,87,10,29,3,1,1,222.28,0,0,6.210874654355308e-10,0,1.3805532181700979e-07
17,0,46,2,14338,185,22,52,3,1,1,668.92,0,0,2.0234852682836797e-10,0,1.353549765660319e-07
3,0,37,1,6740,101,22,26,5,1,1,135.615,0,0,9.61764690487941e-10,0,1.3042971850052214e-07
14,0,45,2,14078,181,15,47,3,1,1,630.36,0,0,1.854537436976564e-10,0,1.1690262187725469e-07
2,0,34,1,6380,92,0,24,5,1,1,97.08,0,0,9.504277022941187e-10,0,9.226752133871304e-08
10,0,40,3,7090,109,29,25,5,1,1,151.485,0,0,5.995172955520059e-10,0,9.081787751669562e-08
3,0,34,2,6900,103,46,26,5,1,1,174.045,0,0,4.794012986821366e-10,0,8.343739902913245e-08
12,0,35,4,7690,113,42,39,5,1,1,180.045,0,0,4.188010834558834e-10,0,7.540304107081453e-08
13,0,41,3,7350,113,36,30,5,1,1,165.945,0,0,4.2175631646690423e-10,0,6.998835193610041e-08
8,0,42,1,13853,171,10,48,3,1,1,600.96,0,0,1.1496664629134389e-10,0,6.909035575524603e-08
10,0,35,2,7280,104,30,27,5,1,1,155.76,0,0,4.4270835447460044e-10,0,6.895625329296377e-08
8,0,40,0,13478,165,7,31,3,1,1,573.72,0,0,1.1036784402823724e-10,0,6.332023947588027e-08
25,0,36,10,11035,103,22,57,5,2,1,200.07,0,0,3.0305499627426173e-10,0,6.063221310459154e-08
8,0,40,0,4220,79,7,12,3,1,1,199.96,0,0,3.0004566837004423e-10,0,5.999713184727405e-08
9,0,34,2,7495,108,22,22,5,1,1,147.045,0,0,3.929773106807737e-10,0,5.7785348649054364e-08
3,0,40,0,13548,165,3,46,3,1,1,560.52,0,0,1.016802014571224e-10,0,5.6993786520746246e-08
8,0,35,2,7090,103,21,24,5,1,1,139.395,0,0,3.95355132854907e-10,0,5.5110528744309766e-08
5,0,38,2,6785,103,22,23,5,1,1,136.32,0,0,3.6138816297999633e-10,0,4.92644343774331e-08
11,0,37,3,7150,106,26,26,5,1,1,147.84,0,0,3.2042000268474787e-10,0,4.737089319691313e-08
1,0,33,1,6595,96,5,19,5,1,1,107.865,0,0,4.24686484780891e-10,0,4.58088076808908e-08
11,0,40,1,4485,76,3,16,3,1,1,194.44,0,0,2.3138183993489834e-10,0,4.498988495694163e-08
5,0,40,0,2098,54,7,20,2,1,1,128.34,0,0,3.2667609054360434e-10,0,4.1925609460366184e-08
8,0,39,2,7045,107,29,28,5,1,1,150.78,0,0,2.7701708487556917e-10,0,4.176863605753832e-08
9,0,39,3,7170,105,31,28,5,1,1,155.625,0,0,2.4751730241734027e-10,0,3.851988018869858e-08
4,0,41,0,13468,169,1,43,3,1,1,549.48,0,0,6.750589599514604e-11,0,3.709313973141285e-08
10,0,38,2,7270,111,32,29,5,1,1,158.715,0,0,2.266068100733078e-10,0,3.596589986078505e-08
6,0,35,2,6900,102,12,21,5,1,1,123.03,0,0,2.4391460444906605e-10,0,3.0008813785368596e-08
10,0,40,2,4630,88,0,24,3,1,1,188.72,0,0,1.5184666640174436e-10,0,2.8656502883337196e-08
10,0,40,2,4575,86,7,27,3,1,1,214.44,0,0,1.270306538157185e-10,0,2.7240453404242676e-08
0,0,36,1,6480,97,15,21,5,1,1,121.155,0,0,2.1920238875148807e-10,0,2.6557465409186536e-08
7,0,33,3,7385,107,35,37,5,1,1,164.88,0,0,1.4607806630413398e-10,0,2.408535157222561e-08
14,0,36,3,7800,114,29,24,5,1,1,162.21,0,0,1.3672840146232632e-10,0,2.2178714001203953e-08
4,0,41,1,3718,88,10,29,3,1,1,192.24,0,0,1.0120921114901519e-10,0,1.945645875128668e-08
8,0,36,3,7205,109,53,28,5,1,1,189.21,0,0,1.0122434063906604e-10,0,1.9152657492317687e-08
5,0,41,0,4065,71,6,16,3,1,1,189.44,0,0,4.4347898646811614e-11,0,8.401265919651992e-09
3,0,40,1,4290,79,5,27,3,1,1,194.76,0,0,2.2848552835625356e-11,0,4.449984150266394e-09
12,0,40,1,14078,175,7,46,3,1,1,598.12,0,0,3.398639628844952e-12,0,2.0327943348047427e-09
10,0,40,1,13888,174,0,43,3,1,1,562.48,0,0,3.5253179560635738e-12,0,1.9829208439266392e-09
10,0,40,1,13833,172,5,46,3,1,1,580.2,0,0,3.096473424566001e-12,0,1.796573880933194e-09
4,0,41,1,4210,83,3,24,3,1,1,183.72,0,0,7.411809176986098e-12,0,1.3616975819958858e-09
